-- MariaDB dump 10.19  Distrib 10.6.12-MariaDB, for debian-linux-gnu (x86_64)
--
-- Host: localhost    Database: PiranhaClub
-- ------------------------------------------------------
-- Server version	10.6.12-MariaDB-0ubuntu0.22.04.1

/*!40101 SET @OLD_CHARACTER_SET_CLIENT=@@CHARACTER_SET_CLIENT */;
/*!40101 SET @OLD_CHARACTER_SET_RESULTS=@@CHARACTER_SET_RESULTS */;
/*!40101 SET @OLD_COLLATION_CONNECTION=@@COLLATION_CONNECTION */;
/*!40101 SET NAMES utf8mb4 */;
/*!40103 SET @OLD_TIME_ZONE=@@TIME_ZONE */;
/*!40103 SET TIME_ZONE='+00:00' */;
/*!40014 SET @OLD_UNIQUE_CHECKS=@@UNIQUE_CHECKS, UNIQUE_CHECKS=0 */;
/*!40014 SET @OLD_FOREIGN_KEY_CHECKS=@@FOREIGN_KEY_CHECKS, FOREIGN_KEY_CHECKS=0 */;
/*!40101 SET @OLD_SQL_MODE=@@SQL_MODE, SQL_MODE='NO_AUTO_VALUE_ON_ZERO' */;
/*!40111 SET @OLD_SQL_NOTES=@@SQL_NOTES, SQL_NOTES=0 */;

--
-- Table structure for table `AssociationNageurGroupe`
--

DROP TABLE IF EXISTS `AssociationNageurGroupe`;
/*!40101 SET @saved_cs_client     = @@character_set_client */;
/*!40101 SET character_set_client = utf8 */;
CREATE TABLE `AssociationNageurGroupe` (
  `id_assossiation` int(11) NOT NULL AUTO_INCREMENT,
  `nom_groupe` varchar(50) NOT NULL,
  `id_nageur` int(11) NOT NULL,
  `annee` int(11) NOT NULL,
  PRIMARY KEY (`id_assossiation`),
  KEY `id_nageur` (`id_nageur`)
) ENGINE=InnoDB AUTO_INCREMENT=60 DEFAULT CHARSET=utf8mb4 COLLATE=utf8mb4_general_ci;
/*!40101 SET character_set_client = @saved_cs_client */;

--
-- Dumping data for table `AssociationNageurGroupe`
--

LOCK TABLES `AssociationNageurGroupe` WRITE;
/*!40000 ALTER TABLE `AssociationNageurGroupe` DISABLE KEYS */;
INSERT INTO `AssociationNageurGroupe` VALUES (2,'Moyen',3,2022),(4,'Grand',27,2022),(5,'Débutant',26,2022),(6,'Grand',2,2022),(7,'Grand',11,2022),(8,'Grand',16,2022),(9,'Grand',21,2022),(10,'Grand',20,2022),(11,'Grand',5,2022),(12,'Moyen',4,2022),(13,'Grand',22,2022),(14,'Moyen',17,2022),(15,'Grand',12,2022),(16,'Grand',13,2022),(17,'Moyen',8,2022),(18,'Débutant',25,2022),(19,'Moyen',19,2022),(20,'Grand',9,2022),(21,'Moyen',1,2022),(22,'Moyen',18,2022),(23,'Moyen',24,2022),(24,'Grand',15,2022),(25,'Grand',6,2022),(26,'Grand',10,2022),(27,'Grand',7,2022),(28,'Moyen',23,2022),(29,'Grand',29,2022),(30,'Débutant',31,2022),(31,'Débutant',32,2022),(32,'Débutant',30,2022),(33,'Moyen',28,2022),(34,'Débutant',33,2022),(35,'Débutant',34,2022),(36,'Débutant',35,2022),(37,'Débutant',36,2022),(38,'Débutant',37,2022),(39,'Débutant',39,2022),(40,'Débutant',40,2022),(41,'Moyen',41,2022),(42,'Moyen',42,2022),(43,'Moyen',43,2022),(44,'Moyen',44,2022),(45,'Moyen',45,2022),(46,'Moyen',46,2022),(48,'Moyen',38,2022),(58,'Moyen',50,2022),(59,'Grand',14,2022);
/*!40000 ALTER TABLE `AssociationNageurGroupe` ENABLE KEYS */;
UNLOCK TABLES;

--
-- Table structure for table `CompteurVisite`
--

DROP TABLE IF EXISTS `CompteurVisite`;
/*!40101 SET @saved_cs_client     = @@character_set_client */;
/*!40101 SET character_set_client = utf8 */;
CREATE TABLE `CompteurVisite` (
  `date_visite` date NOT NULL DEFAULT current_timestamp(),
  `page` text NOT NULL,
  `ip` varchar(50) NOT NULL
) ENGINE=InnoDB DEFAULT CHARSET=utf8mb4 COLLATE=utf8mb4_general_ci;
/*!40101 SET character_set_client = @saved_cs_client */;

--
-- Dumping data for table `CompteurVisite`
--

LOCK TABLES `CompteurVisite` WRITE;
/*!40000 ALTER TABLE `CompteurVisite` DISABLE KEYS */;
<<<<<<< HEAD
INSERT INTO `CompteurVisite` VALUES ('2023-08-19','index.html','1617106850'),('2023-08-19','news.html?id=10','1617106850'),('2023-08-19','inscription.html','1617106850'),('2023-08-19','index.html','-1190651381'),('2023-08-20','inscription.html','349672516'),('2023-08-20','index.html','349672516'),('2023-08-20','news.html','349672517'),('2023-08-20','index.html','523753776'),('2023-08-20','index.html','523753776'),('2023-08-20','index.html','523753776'),('2023-08-20','index.html','523753776'),('2023-08-20','index.html','523753776'),('2023-08-20','index.html','523753776'),('2023-08-21','index.html','2140110930'),('2023-08-21','inscription.html','2140110930'),('2023-08-21','inscription.html','2140110861'),('2023-08-21','index.html','501671789'),('2023-08-21','inscription.html','501671789'),('2023-08-21','inscription.html','763635285'),('2023-08-22','index.html','1445539031'),('2023-08-22','news.html','1445539031'),('2023-08-22','espace_nageurs.html','1445539031'),('2023-08-22','index.html','-1190651382'),('2023-08-22','index.html','-1190651382'),('2023-08-22','inscription.html','-1190651382'),('2023-08-22','inscription.html','-1190651382'),('2023-08-22','index.html','-1190651382'),('2023-08-22','resultats.html','-1190651382'),('2023-08-22','contact.html','-1190651382'),('2023-08-22','resultats.html','-1190651382'),('2023-08-22','inscription.html','-1190651382'),('2023-08-22','espace_nageurs.html','-1190651382'),('2023-08-23','resultats.html','-1190651382'),('2023-08-23','resultats.html','-465921779'),('2023-08-23','index.html','-362762958'),('2023-08-23','index.html','-1190651382'),('2023-08-23','index.html','131559395'),('2023-08-24','inscription.html','1917076447'),('2023-08-25','index.html','-238568352'),('2023-08-26','index.html','1467666582'),('2023-08-26','news.html?id=10','1467666582'),('2023-08-26','news.html?id=10','1467666582'),('2023-08-26','inscription.html','1467666582'),('2023-08-26','index.html','1863512168'),('2023-08-26','index.html','1993484436'),('2023-08-26','inscription.html','1993484436'),('2023-08-26','espace_nageurs.html','1993484436'),('2023-08-27','index.html','-1173513663'),('2023-08-29','index.html','1877461905'),('2023-08-29','inscription.html','1877461905'),('2023-08-30','index.html','1584412721'),('2023-08-30','index.html','1584412721'),('2023-08-30','news.html?id=7','1584412721'),('2023-08-30','news.html?id=10','1584412721'),('2023-08-30','news.html','1584412721'),('2023-08-30','news.html?id=7','1584412721'),('2023-08-30','espace_nageurs.html','1584412721'),('2023-08-30','espace_nageurs.html','1584412721'),('2023-08-30','contact.html','1584412721'),('2023-08-30','index.html','1584412721'),('2023-08-30','news.html?id=10','1584412721'),('2023-08-30','contact.html','1584412721'),('2023-08-30','inscription.html','1584412721'),('2023-08-30','index.html','1918923520'),('2023-08-30','index.html','1744507107'),('2023-08-30','news.html?id=10','1744507107'),('2023-08-30','espace_nageurs.html','1744507107'),('2023-08-30','profil_nageur.html?id=29','1744507107'),('2023-08-30','espace_nageurs.html','1744507107'),('2023-08-30','profil_nageur.html?id=27','1744507107'),('2023-08-30','resultats.html','1744507107'),('2023-08-30','inscription.html','1744507107'),('2023-08-30','inscription.html','1744507107'),('2023-08-30','inscription.html','1744507107'),('2023-08-30','index.html','-1027943059'),('2023-08-30','index.html','-1027943059'),('2023-08-30','index.html','1744507107'),('2023-08-30','news.html?id=10','1744507107'),('2023-08-30','espace_nageurs.html','1744507107'),('2023-08-30','inscription.html','1744507107'),('2023-08-31','index.html','-363726686'),('2023-08-31','inscription.html','-363726686'),('2023-08-31','index.html','1593147944'),('2023-08-31','news.html?id=10','1593147944'),('2023-08-31','inscription.html','1593147944'),('2023-08-31','index.html','-363726686'),('2023-08-31','index.html','1583489418'),('2023-08-31','news.html?id=10','1583489418'),('2023-08-31','inscription.html','1583489418'),('2023-08-31','espace_nageurs.html','1583489418'),('2023-08-31','inscription.html','1583489418'),('2023-08-31','index.html','1583489418'),('2023-08-31','inscription.html','1639250176'),('2023-08-31','index.html','1639250176'),('2023-08-31','index.html','-1190651381'),('2023-08-31','index.html','-1190651381'),('2023-08-31','inscription.html','-1190651381'),('2023-08-31','espace_nageurs.html','-1190651381'),('2023-08-31','profil_nageur.html?id=28','-1190651381'),('2023-08-31','inscription.html','-1190651381'),('2023-08-31','index.html','-1190651381'),('2023-08-31','index.html','-1190651381'),('2023-08-31','index.html','-417056577'),('2023-09-01','index.html','-1101892340'),('2023-09-01','inscription.html','-1101892340'),('2023-09-01','index.html','2000991015'),('2023-09-01','resultats.html','2000991015'),('2023-09-01','espace_nageurs.html','2000991015'),('2023-09-01','profil_nageur.html?id=14','2000991015'),('2023-09-01','inscription.html','2000991015'),('2023-09-01','profil_nageur.html?id=26','2000991015'),('2023-09-01','profil_nageur.html?id=14','2000991015'),('2023-09-01','index.html','-546652029'),('2023-09-02','index.html','-943383099'),('2023-09-02','index.html','-943383099'),('2023-09-02','index.html','-363726686'),('2023-09-02','espace_nageurs.html','-363726686'),('2023-09-02','resultats.html','-363726686'),('2023-09-02','index.html','-363726686'),('2023-09-02','contact.html','-363726686'),('2023-09-02','inscription.html','-363726686'),('2023-09-02','index.html','1584412721'),('2023-09-02','news.html?id=8','1584412721'),('2023-09-02','index.html','1584412721'),('2023-09-02','index.html','1584412721'),('2023-09-02','news.html?id=7','1584412721'),('2023-09-02','index.html','1584412721'),('2023-09-02','news.html?id=10','1584412721'),('2023-09-02','contact.html','1584412721'),('2023-09-02','index.html','1584412721'),('2023-09-02','news.html?id=10','1584412721'),('2023-09-02','news.html','1584412721'),('2023-09-02','inscription.html','1584412721'),('2023-09-02','resultats.html','1584412721'),('2023-09-02','espace_nageurs.html','1584412721'),('2023-09-02','contact.html','1584412721'),('2023-09-02','index.html','1639190660'),('2023-09-02','index.html','1878147127'),('2023-09-02','index.html','1639160869'),('2023-09-02','espace_nageurs.html','1639160869'),('2023-09-02','profil_nageur.html?id=37','1639160869'),('2023-09-02','profil_nageur.html?id=19','1639160869'),('2023-09-02','profil_nageur.html?id=8','1639160869'),('2023-09-02','profil_nageur.html?id=38','1639160869'),('2023-09-02','profil_nageur.html?id=24','1639160869'),('2023-09-02','index.html','-8410554'),('2023-09-02','index.html','-8410554'),('2023-09-03','index.html','-259808410'),('2023-09-03','inscription.html','-259808410'),('2023-09-03','index.html','-259808410'),('2023-09-03','news.html?id=11','-259808410'),('2023-09-03','news.html?id=11','-259808410'),('2023-09-03','index.html','-723258911'),('2023-09-03','index.html','2079672666'),('2023-09-03','news.html?id=10','2079672666'),('2023-09-03','news.html?id=10','2079672666'),('2023-09-03','espace_nageurs.html','2079672666'),('2023-09-03','resultats.html','2079672666'),('2023-09-03','index.html','349672517'),('2023-09-03','index.html','105356161'),('2023-09-03','espace_nageurs.html','105356161'),('2023-09-03','resultats.html','105356161'),('2023-09-03','inscription.html','105356161'),('2023-09-03','resultats.html','105356161'),('2023-09-03','espace_nageurs.html','105356161'),('2023-09-03','index.html','105356161'),('2023-09-03','index.html','-546652029'),('2023-09-03','index.html','-546652029'),('2023-09-03','news.html?id=11','-546652029'),('2023-09-03','index.html','-546652029'),('2023-09-04','index.html','-723258909'),('2023-09-04','index.html','-1211588066'),('2023-09-04','news.html?id=11','-1211588066'),('2023-09-04','news.html?id=10','-1211588066'),('2023-09-04','espace_nageurs.html','-1211588066'),('2023-09-04','profil_nageur.html?id=20','-1211588066'),('2023-09-04','espace_nageurs.html','-1211588066'),('2023-09-04','profil_nageur.html?id=17','-1211588066'),('2023-09-04','espace_nageurs.html','-1211588066'),('2023-09-04','espace_nageurs.html','-1211588066'),('2023-09-04','profil_nageur.html?id=5','-1211588066'),('2023-09-04','espace_nageurs.html','-1211588066'),('2023-09-04','profil_nageur.html?id=2','-1211588066'),('2023-09-04','espace_nageurs.html','-1211588066'),('2023-09-04','inscription.html','-1211588066'),('2023-09-04','index.html','-1211588066'),('2023-09-04','index.html','-238568321'),('2023-09-04','espace_nageurs.html','-238568321'),('2023-09-04','index.html','501671789'),('2023-09-04','news.html?id=10','501671789'),('2023-09-04','index.html','-238568321'),('2023-09-04','inscription.html','501671789'),('2023-09-04','index.html','-238568321'),('2023-09-04','news.html?id=11','-238568321'),('2023-09-04','index.html','-238568321'),('2023-09-04','news.html?id=10','-238568321'),('2023-09-04','index.html','-238568321'),('2023-09-04','news.html','-238568321'),('2023-09-04','espace_nageurs.html','-238568321'),('2023-09-04','profil_nageur.html?id=2','-238568321'),('2023-09-04','profil_nageur.html?id=1','-238568321'),('2023-09-04','contact.html','-238568321'),('2023-09-04','espace_nageurs.html','-238568321'),('2023-09-04','resultats.html','-238568321'),('2023-09-04','espace_nageurs.html','-238568321'),('2023-09-04','inscription.html','-238568321'),('2023-09-04','index.html','-363726686'),('2023-09-04','index.html','381532568'),('2023-09-04','index.html','-1391881932'),('2023-09-04','index.html','-1391881932'),('2023-09-04','index.html','1993484379'),('2023-09-04','inscription.html','1993484379'),('2023-09-04','index.html','1993484379'),('2023-09-04','inscription.html','1993484379'),('2023-09-04','index.html','-1391881932'),('2023-09-04','index.html','-546652029'),('2023-09-04','contact.html','-546652029'),('2023-09-04','inscription.html','-546652029'),('2023-09-05','index.html','-1168144535'),('2023-09-05','index.html','-546652029'),('2023-09-05','index.html','-7695600'),('2023-09-05','index.html','-1083181556'),('2023-09-05','inscription.html','1467666582'),('2023-09-05','index.html','1467666582'),('2023-09-05','inscription.html','1467666582'),('2023-09-05','espace_nageurs.html','1467666582'),('2023-09-05','index.html','1467666582'),('2023-09-05','news.html','1467666582'),('2023-09-05','index.html','1590377249'),('2023-09-05','inscription.html','1590377249'),('2023-09-05','inscription.html','1590377249'),('2023-09-05','index.html','1590377249'),('2023-09-05','index.html','1590377249'),('2023-09-05','index.html','1590377249'),('2023-09-05','inscription.html','1590377249'),('2023-09-05','index.html','298509111'),('2023-09-05','inscription.html','298509111'),('2023-09-05','index.html','2079672666'),('2023-09-05','espace_nageurs.html','1744507107'),('2023-09-05','inscription.html','1744507107'),('2023-09-05','espace_nageurs.html','1744507107'),('2023-09-05','index.html','1744507107'),('2023-09-05','index.html','-546652029'),('2023-09-05','espace_nageurs.html','-546652029'),('2023-09-05','inscription.html','298509111'),('2023-09-05','index.html','1138304797'),('2023-09-05','inscription.html','1138304797'),('2023-09-05','index.html','1138304797'),('2023-09-05','resultats.html','1138304797'),('2023-09-05','espace_nageurs.html','1138304797'),('2023-09-05','contact.html','1138304797'),('2023-09-05','index.html','-546652029');
=======
INSERT INTO `CompteurVisite` VALUES ('2023-08-19','index.html','1617106850'),('2023-08-19','news.html?id=10','1617106850'),('2023-08-19','inscription.html','1617106850'),('2023-08-19','index.html','-1190651381'),('2023-08-20','inscription.html','349672516'),('2023-08-20','index.html','349672516'),('2023-08-20','news.html','349672517'),('2023-08-20','index.html','523753776'),('2023-08-20','index.html','523753776'),('2023-08-20','index.html','523753776'),('2023-08-20','index.html','523753776'),('2023-08-20','index.html','523753776'),('2023-08-20','index.html','523753776'),('2023-08-21','index.html','2140110930'),('2023-08-21','inscription.html','2140110930'),('2023-08-21','inscription.html','2140110861'),('2023-08-21','index.html','501671789'),('2023-08-21','inscription.html','501671789'),('2023-08-21','inscription.html','763635285'),('2023-08-22','index.html','1445539031'),('2023-08-22','news.html','1445539031'),('2023-08-22','espace_nageurs.html','1445539031'),('2023-08-22','index.html','-1190651382'),('2023-08-22','index.html','-1190651382'),('2023-08-22','inscription.html','-1190651382'),('2023-08-22','inscription.html','-1190651382'),('2023-08-22','index.html','-1190651382'),('2023-08-22','resultats.html','-1190651382'),('2023-08-22','contact.html','-1190651382'),('2023-08-22','resultats.html','-1190651382'),('2023-08-22','inscription.html','-1190651382'),('2023-08-22','espace_nageurs.html','-1190651382'),('2023-08-23','resultats.html','-1190651382'),('2023-08-23','resultats.html','-465921779'),('2023-08-23','index.html','-362762958'),('2023-08-23','index.html','-1190651382'),('2023-08-23','index.html','131559395'),('2023-08-24','inscription.html','1917076447'),('2023-08-25','index.html','-238568352');
>>>>>>> 8695b00242b99ddbc89f85857bf8a98d9b69d702
/*!40000 ALTER TABLE `CompteurVisite` ENABLE KEYS */;
UNLOCK TABLES;

--
-- Table structure for table `Login`
--

DROP TABLE IF EXISTS `Login`;
/*!40101 SET @saved_cs_client     = @@character_set_client */;
/*!40101 SET character_set_client = utf8 */;
CREATE TABLE `Login` (
  `login` varchar(50) NOT NULL,
  `mdp` varchar(50) DEFAULT NULL,
  PRIMARY KEY (`login`)
) ENGINE=InnoDB DEFAULT CHARSET=utf8mb4 COLLATE=utf8mb4_general_ci;
/*!40101 SET character_set_client = @saved_cs_client */;

--
-- Dumping data for table `Login`
--

LOCK TABLES `Login` WRITE;
/*!40000 ALTER TABLE `Login` DISABLE KEYS */;
INSERT INTO `Login` VALUES ('-849680733','-780764674');
/*!40000 ALTER TABLE `Login` ENABLE KEYS */;
UNLOCK TABLES;

--
-- Table structure for table `Nageur`
--

DROP TABLE IF EXISTS `Nageur`;
/*!40101 SET @saved_cs_client     = @@character_set_client */;
/*!40101 SET character_set_client = utf8 */;
CREATE TABLE `Nageur` (
  `id_nageur` int(11) NOT NULL AUTO_INCREMENT,
  `nom` varchar(50) NOT NULL,
  `prenom` varchar(50) NOT NULL,
  `date_naiss` date DEFAULT NULL,
  `sexe` varchar(50) NOT NULL,
  `photo` varchar(250) DEFAULT NULL,
  PRIMARY KEY (`id_nageur`)
) ENGINE=InnoDB AUTO_INCREMENT=51 DEFAULT CHARSET=utf8mb4 COLLATE=utf8mb4_general_ci;
/*!40101 SET character_set_client = @saved_cs_client */;

--
-- Dumping data for table `Nageur`
--

LOCK TABLES `Nageur` WRITE;
/*!40000 ALTER TABLE `Nageur` DISABLE KEYS */;
INSERT INTO `Nageur` VALUES (1,'fasquel','zoé',NULL,'Femme',''),(2,'bultel','marie',NULL,'Femme',''),(3,'beauchamp','pénélope',NULL,'Femme',''),(4,'dacquin','elsa',NULL,'Femme',''),(5,'chermeux','candice',NULL,'Femme',''),(6,'ribeiro','léa',NULL,'Femme',''),(7,'vermeulen','aude',NULL,'Femme',''),(8,'denis','baptiste',NULL,'Homme',''),(9,'ducatez','noé',NULL,'Homme',''),(10,'vanzeveren','léo',NULL,'Homme',''),(11,'caillierez','maxime',NULL,'Homme',''),(12,'debast','alexis',NULL,'Homme',''),(13,'demol','bastien',NULL,'Homme',''),(14,'bernard','quentin','2002-10-30','Homme',''),(15,'hudelle','pierre',NULL,'Homme',''),(16,'camus','anaël',NULL,'Homme',''),(17,'darques','romane',NULL,'Femme',''),(18,'granjean mallidan','simon',NULL,'Homme',''),(19,'dourlens','william',NULL,'Homme',''),(20,'casiez','simon',NULL,'Homme',''),(21,'casiez','loane',NULL,'Femme',''),(22,'daron','augustine',NULL,'Femme',''),(23,'wepierre','keelyan',NULL,'Homme',''),(24,'granjean mallidan','thomas',NULL,'Homme',''),(25,'deschamps','margaux',NULL,'Femme',''),(26,'brioul','jeanne',NULL,'Femme',''),(27,'berthelemy','laurine',NULL,'Femme',''),(28,'bray','gabin',NULL,'Homme',''),(29,'dourlens','elise',NULL,'Femme',''),(30,'fauvet','abiguael',NULL,'Femme',''),(31,'wepierre','eden',NULL,'Homme',''),(32,'david','nohlan',NULL,'Homme',''),(33,'derruder','clément',NULL,'Homme',''),(34,'derruder','flavie',NULL,'Homme',''),(35,'evrard','léna',NULL,'Femme',''),(36,'evrard','maël',NULL,'Femme',''),(37,'grandjean mallidan','noé',NULL,'Homme',''),(38,'grandjean mallidan','pierre',NULL,'Homme',''),(39,'mahieu','mahaut',NULL,'Femme',''),(40,'signy','alicia',NULL,'Femme',''),(41,'berthelemy','romane',NULL,'Femme',''),(42,'bugnon','nolann',NULL,'Homme',''),(43,'caron','albin',NULL,'Homme',''),(44,'caron','gaspard',NULL,'Homme',''),(45,'caron','jules',NULL,'Homme',''),(46,'ellart','agathe',NULL,'Femme',''),(50,'evrad','alex',NULL,'Homme','');
/*!40000 ALTER TABLE `Nageur` ENABLE KEYS */;
UNLOCK TABLES;

--
-- Table structure for table `News`
--

DROP TABLE IF EXISTS `News`;
/*!40101 SET @saved_cs_client     = @@character_set_client */;
/*!40101 SET character_set_client = utf8 */;
CREATE TABLE `News` (
  `id_news` int(11) NOT NULL AUTO_INCREMENT,
  `date_news` date DEFAULT NULL,
  `titre` varchar(50) DEFAULT NULL,
  `message` text DEFAULT NULL,
  `miniature` varchar(250) DEFAULT NULL,
  `photos` text DEFAULT NULL,
  PRIMARY KEY (`id_news`)
<<<<<<< HEAD
) ENGINE=InnoDB AUTO_INCREMENT=12 DEFAULT CHARSET=utf8mb4 COLLATE=utf8mb4_general_ci;
=======
) ENGINE=InnoDB AUTO_INCREMENT=11 DEFAULT CHARSET=utf8mb4 COLLATE=utf8mb4_general_ci;
>>>>>>> 8695b00242b99ddbc89f85857bf8a98d9b69d702
/*!40101 SET character_set_client = @saved_cs_client */;

--
-- Dumping data for table `News`
--

LOCK TABLES `News` WRITE;
/*!40000 ALTER TABLE `News` DISABLE KEYS */;
<<<<<<< HEAD
INSERT INTO `News` VALUES (7,'2023-08-01','Bienvenue sur le site !','<h3>Salut les Piranhas !</h3>\n\n<p>On est super enthousiastes de vous présenter notre tout nouveau site internet dédié à notre club de natation convivial !</p>\n\n</p>Qu\'est-ce que vous pourrez y trouver ?</p>\n\n<p>🏊‍♂️ Modalités d\'inscription : Pour tous ceux qui veulent rejoindre l\'aventure Piranhas, toutes les infos nécessaires pour adhérer au club sont disponibles ici. Vous êtes tous les bienvenus, quels que soient votre niveau et votre expérience dans l\'eau !</p>\n\n<p>📰 News du club : On veut que vous soyez au courant de tout ce qui se passe dans le club. Des événements spéciaux, des sorties... Tout ce qui rythme la vie des Piranhas sera partagé ici. Ne manquez rien !</p>\n\n<p>🏅 Résultats des compétitions : On est fiers de nos nageurs et nageuses, et on veut mettre en avant toutes vos performances lors des compétitions. Quelle que soit la place sur le podium, chaque succès compte et on sera là pour vous encourager à chaque étape !</p>\n\n<p>📈 Performances individuelles : Un espace dédié à chacun d\'entre vous, où vous pourrez suivre vos progrès, vos records personnels et vous motiver les uns les autres pour aller toujours plus loin. On sait que chacun a son rythme, et c\'est ça qui fait la richesse de notre club.</p>\n\n<p>📆 Autres informations : Les détails pratiques concernant les horaires d\'entraînement, les lieux où l\'on se retrouve, les événements à ne pas manquer, et tout ce qui peut vous être utile sera centralisé ici. On veut que chacun puisse s\'impliquer et s\'épanouir dans le club sans souci !</p>\n\n<p>Alors, explorez, partagez, échangez, et surtout... continuez à faire des vagues !</p>\n\n<p>L\'équipe des Piranhas d\'Arques 🐟🏊‍♂️🏊‍♀️</p>','https://i.ibb.co/64wMwtw/logo-piranha.jpg',''),(8,'2023-08-05','Fête du Sport 2023 !','<p>On a une super nouvelle à vous annoncer ! Venez nous rencontrer les 2 et 3 Septembre à Scénéo lors de la fête du sport !</p>\n\n<p>Les Piranhas seront là pour vous accueillir sur notre stand de 10h à 18h afin de répondre à toutes vos questions sur notre club et la natation en général.</p>\n\n<p>L\'entrée est libre et gratuite, alors n\'hésitez pas à venir nous voir et partager avec nous votre passion pour la natation !</p>\n\n<p>Plus de renseignements sur l\'événement : <a href=\"https://www.sceneo-spectacle.fr/evenement/fete-du-sport/\">Fête du sport</a>. On compte sur vous pour venir nombreux, on va passer un super moment ensemble !</p>\n\n<p>L\'équipe des Piranhas d\'Arques 🐟🏊‍♂️🏊‍♀️</p>','https://i.ibb.co/Rb87ZYf/fete-du-sport.png',''),(10,'2023-08-10','Inscriptions 2023 !','<h3>Inscription groupes compétitions</h3>\n\n<p>Nous sommes ravis d\'annoncer que le Samedi 9 septembre 2023 de 17h30 à 19h00, nous organisons notre traditionnelle journée d\'inscription ! C\'est l\'occasion parfaite pour intégrer notre club de natation et rejoindre l\'aventure des Piranhas d\'Arques.</p>\n\n<p>Lors de cette journée, vous pourrez récupérer votre dossier d\'inscription en version papier. Pour nos nouveaux nageurs, nous avons prévu quelques petits tests qui vous permettront de montrer vos talents dans l\'eau. Ces tests nous aideront à évaluer votre niveau et à vous assigner au groupe qui vous correspond le mieux : Débutant, Moyen ou Grand.</p>\n\n</br>\n<h3>Inscription groupe loisir</h3>\n\n<p>Nous vous donnons aussi rendez-vous le Mercredi 13 septembre 2023 pour la reprise de la soirée loisir ! Les inscriptions débuteront à partir de 19h30 et la reprise aura lieu dans la foulée.</p>\n\n</br>\n<p>N\'hésitez pas à venir avec vos questions, votre enthousiasme et votre maillot de bain pour ces deux sessions d\'inscriptions. Notre équipe sera là pour vous accueillir et vous guider à travers le processus. Si vous avez manqué ces dates ou avez des questions supplémentaires, n\'hésitez pas à nous contacter via notre rubrique <a href=\"./contact.html\">Contact</a>.</p>\n\n<p>Rejoignez-nous pour une nouvelle saison de natation passionnante et pleine de défis ! Nous sommes impatients de vous accueillir et de plonger dans l\'aventure ensemble.</p>\n\n<p>L\'équipe des Piranhas d\'Arques 🐟🏊‍♂️🏊‍♀️</p>','https://i.ibb.co/mz027QW/inscription.png',''),(11,'2023-09-02','Retour sur la Fête du Sport !','<p>Nous tenons à remercier chaleureusement tous ceux qui ont participé à la première journée de la Fête du Sport ! Votre présence a rendu cette journée agréable et conviviale !🎉</p>\n\n<p>La Fête du Sport se poursuit demain, et nous vous invitons à nous rejoindre. Les petits comme les grands seront les bienvenues. S\'ils sont intéressé par notre club de natation, c\'est l\'occasion idéale pour rencontrer notre équipe, poser des questions, et récupérer un dossier d\'inscription.</p>\n\n<p>Nous sommes impatients de vous accueillir demain pour échanger avec vous </p>\n\n<p>L\'équipe des Piranhas d\'Arques 🐟🏊‍♂️🏊‍♀️</p>','https://i.ibb.co/Rb87ZYf/fete-du-sport.png','https://i.ibb.co/7Qjs6tG/photo-3.jpg\nhttps://i.ibb.co/hW7tX15/photo-2.jpg\nhttps://i.ibb.co/ZzDN5fg/photo-1.jpg');
=======
INSERT INTO `News` VALUES (7,'2023-08-01','Bienvenue sur le site !','<h3>Salut les Piranhas !</h3>\n\n<p>On est super enthousiastes de vous présenter notre tout nouveau site internet dédié à notre club de natation convivial !</p>\n\n</p>Qu\'est-ce que vous pourrez y trouver ?</p>\n\n<p>🏊‍♂️ Modalités d\'inscription : Pour tous ceux qui veulent rejoindre l\'aventure Piranhas, toutes les infos nécessaires pour adhérer au club sont disponibles ici. Vous êtes tous les bienvenus, quels que soient votre niveau et votre expérience dans l\'eau !</p>\n\n<p>📰 News du club : On veut que vous soyez au courant de tout ce qui se passe dans le club. Des événements spéciaux, des sorties... Tout ce qui rythme la vie des Piranhas sera partagé ici. Ne manquez rien !</p>\n\n<p>🏅 Résultats des compétitions : On est fiers de nos nageurs et nageuses, et on veut mettre en avant toutes vos performances lors des compétitions. Quelle que soit la place sur le podium, chaque succès compte et on sera là pour vous encourager à chaque étape !</p>\n\n<p>📈 Performances individuelles : Un espace dédié à chacun d\'entre vous, où vous pourrez suivre vos progrès, vos records personnels et vous motiver les uns les autres pour aller toujours plus loin. On sait que chacun a son rythme, et c\'est ça qui fait la richesse de notre club.</p>\n\n<p>📆 Autres informations : Les détails pratiques concernant les horaires d\'entraînement, les lieux où l\'on se retrouve, les événements à ne pas manquer, et tout ce qui peut vous être utile sera centralisé ici. On veut que chacun puisse s\'impliquer et s\'épanouir dans le club sans souci !</p>\n\n<p>Alors, explorez, partagez, échangez, et surtout... continuez à faire des vagues !</p>\n\n<p>L\'équipe des Piranhas d\'Arques 🐟🏊‍♂️🏊‍♀️</p>','https://i.ibb.co/64wMwtw/logo-piranha.jpg',''),(8,'2023-08-05','Fête du Sport 2023 !','<p>On a une super nouvelle à vous annoncer ! Venez nous rencontrer les 2 et 3 Septembre à Scénéo lors de la fête du sport !</p>\n\n<p>Les Piranhas seront là pour vous accueillir sur notre stand de 10h à 18h afin de répondre à toutes vos questions sur notre club et la natation en général.</p>\n\n<p>L\'entrée est libre et gratuite, alors n\'hésitez pas à venir nous voir et partager avec nous votre passion pour la natation !</p>\n\n<p>Plus de renseignements sur l\'événement : <a href=\"https://www.sceneo-spectacle.fr/evenement/fete-du-sport/\">Fête du sport</a>. On compte sur vous pour venir nombreux, on va passer un super moment ensemble !</p>\n\n<p>L\'équipe des Piranhas d\'Arques 🐟🏊‍♂️🏊‍♀️</p>','https://i.ibb.co/Rb87ZYf/fete-du-sport.png',''),(10,'2023-08-10','Inscriptions 2023 !','<h3>Inscription groupes compétitions</h3>\n\n<p>Nous sommes ravis d\'annoncer que le Samedi 9 septembre 2023 de 17h30 à 19h00, nous organisons notre traditionnelle journée d\'inscription ! C\'est l\'occasion parfaite pour intégrer notre club de natation et rejoindre l\'aventure des Piranhas d\'Arques.</p>\n\n<p>Lors de cette journée, vous pourrez récupérer votre dossier d\'inscription en version papier. Pour nos nouveaux nageurs, nous avons prévu quelques petits tests qui vous permettront de montrer vos talents dans l\'eau. Ces tests nous aideront à évaluer votre niveau et à vous assigner au groupe qui vous correspond le mieux : Débutant, Moyen ou Grand.</p>\n\n</br>\n<h3>Inscription groupe loisir</h3>\n\n<p>Nous vous donnons aussi rendez-vous le Mercredi 13 septembre 2023 pour la reprise de la soirée loisir ! Les inscriptions débuteront à partir de 19h30 et la reprise aura lieu dans la foulée.</p>\n\n</br>\n<p>N\'hésitez pas à venir avec vos questions, votre enthousiasme et votre maillot de bain pour ces deux sessions d\'inscriptions. Notre équipe sera là pour vous accueillir et vous guider à travers le processus. Si vous avez manqué ces dates ou avez des questions supplémentaires, n\'hésitez pas à nous contacter via notre rubrique <a href=\"./contact.html\">Contact</a>.</p>\n\n<p>Rejoignez-nous pour une nouvelle saison de natation passionnante et pleine de défis ! Nous sommes impatients de vous accueillir et de plonger dans l\'aventure ensemble.</p>\n\n<p>L\'équipe des Piranhas d\'Arques 🐟🏊‍♂️🏊‍♀️</p>','https://i.ibb.co/mz027QW/inscription.png','');
>>>>>>> 8695b00242b99ddbc89f85857bf8a98d9b69d702
/*!40000 ALTER TABLE `News` ENABLE KEYS */;
UNLOCK TABLES;

--
-- Table structure for table `Performance`
--

DROP TABLE IF EXISTS `Performance`;
/*!40101 SET @saved_cs_client     = @@character_set_client */;
/*!40101 SET character_set_client = utf8 */;
CREATE TABLE `Performance` (
  `id_performance` int(11) NOT NULL AUTO_INCREMENT,
  `id_nageur` int(11) NOT NULL,
  `categorie_nageur` varchar(50) NOT NULL,
  `nage` varchar(50) NOT NULL,
  `distance` int(11) NOT NULL,
  `temps` varchar(50) NOT NULL,
  `temps_50m` varchar(50) DEFAULT NULL,
  `temps_100m` varchar(50) DEFAULT NULL,
  `date_competition` date NOT NULL,
  `type_competition` varchar(50) NOT NULL,
  `lien_video` varchar(250) DEFAULT NULL,
  PRIMARY KEY (`id_performance`),
  KEY `id_nageur` (`id_nageur`),
  KEY `type_competition` (`type_competition`),
  CONSTRAINT `Performance_ibfk_1` FOREIGN KEY (`id_nageur`) REFERENCES `Nageur` (`id_nageur`),
  CONSTRAINT `Performance_ibfk_2` FOREIGN KEY (`type_competition`) REFERENCES `TypeCompetition` (`type_competition`)
) ENGINE=InnoDB AUTO_INCREMENT=405 DEFAULT CHARSET=utf8mb4 COLLATE=utf8mb4_general_ci;
/*!40101 SET character_set_client = @saved_cs_client */;

--
-- Dumping data for table `Performance`
--

LOCK TABLES `Performance` WRITE;
/*!40000 ALTER TABLE `Performance` DISABLE KEYS */;
INSERT INTO `Performance` VALUES (1,1,'Minime','Dos',200,'03:35:10','00:50:55','01:44:46','2022-10-16','1ère Journée Qualificative',''),(2,2,'Minime','Dos',200,'03:45:53','00:53:36','01:50:00','2022-10-16','1ère Journée Qualificative',''),(3,3,'Minime','Dos',200,'03:45:57','00:49:46','01:46:17','2022-10-16','1ère Journée Qualificative',''),(4,4,'Minime','Dos',200,'03:55:73','00:51:44','01:51:76','2022-10-16','1ère Journée Qualificative',''),(5,5,'Junior','Dos',200,'03:09:60','00:46:45','01:35:34','2022-10-16','1ère Journée Qualificative',''),(6,6,'Senior','Dos',200,'02:49:90','00:39:22','01:21:81','2022-10-16','1ère Journée Qualificative',''),(7,7,'Senior','Dos',200,'03:01:50','00:42:23','01:28:02','2022-10-16','1ère Journée Qualificative',''),(8,8,'Minime','Dos',200,'03:24:86','00:47:09','01:38:64','2022-10-16','1ère Journée Qualificative',''),(9,9,'Minime','Dos',200,'03:10:51','00:44:97','01:34:33','2022-10-16','1ère Journée Qualificative',''),(10,10,'Minime','Dos',200,'03:11:11','00:45:54','01:33:75','2022-10-16','1ère Journée Qualificative',''),(11,11,'Cadet','Dos',200,'02:49:81','00:41:31','01:25:24','2022-10-16','1ère Journée Qualificative',''),(12,12,'Junior','Dos',200,'02:57:13','00:42:22','01:26:55','2022-10-16','1ère Journée Qualificative',''),(13,13,'Junior','Dos',200,'03:01:58','00:41:84','01:27:49','2022-10-16','1ère Journée Qualificative',''),(14,14,'Senior','Dos',200,'02:36:99','00:35:74','01:15:75','2022-10-16','1ère Journée Qualificative',''),(15,15,'Senior','Dos',200,'02:41:53','00:38:12','01:17:55','2022-10-16','1ère Journée Qualificative',''),(16,16,'Master','Dos',200,'02:34:45','00:37:14','01:16:44','2022-10-16','1ère Journée Qualificative',''),(17,17,'Benjamin','Nage Libre',200,'03:33:64','00:44:89','01:38:87','2022-10-16','1ère Journée Qualificative',''),(18,2,'Minime','Nage Libre',200,'03:19:92','00:48:24','01:34:25','2022-10-16','1ère Journée Qualificative',''),(19,3,'Minime','Nage Libre',200,'03:20:13','00:44:10','01:36:13','2022-10-16','1ère Journée Qualificative',''),(20,1,'Minime','Nage Libre',200,'03:28:20','00:45:65','01:37:93','2022-10-16','1ère Journée Qualificative',''),(21,4,'Minime','Nage Libre',200,'03:24:89','00:44:59','01:36:24','2022-10-16','1ère Journée Qualificative',''),(22,5,'Junior','Nage Libre',200,'02:55:01','00:41:62','01:26:83','2022-10-16','1ère Journée Qualificative',''),(23,6,'Senior','Nage Libre',200,'02:37:71','00:35:79','01:16:51','2022-10-16','1ère Journée Qualificative',''),(24,7,'Senior','Nage Libre',200,'02:42:78','00:37:44','01:18:79','2022-10-16','1ère Journée Qualificative',''),(25,18,'Benjamin','Nage Libre',200,'04:39:92','00:58:42','','2022-10-16','1ère Journée Qualificative',''),(26,8,'Minime','Nage Libre',200,'03:09:80','00:40:59','01:28:09','2022-10-16','1ère Journée Qualificative',''),(27,10,'Minime','Nage Libre',200,'02:48:12','00:38:00','01:21:83','2022-10-16','1ère Journée Qualificative',''),(28,9,'Minime','Nage Libre',200,'03:02:46','00:42:09','01:28:93','2022-10-16','1ère Journée Qualificative',''),(29,19,'Minime','Nage Libre',200,'04:14:64','00:53:84','02:02:46','2022-10-16','1ère Journée Qualificative',''),(30,11,'Cadet','Nage Libre',200,'02:40:27','00:36:42','01:16:81','2022-10-16','1ère Journée Qualificative',''),(31,12,'Junior','Nage Libre',200,'02:29:34','00:34:77','01:12:06','2022-10-16','1ère Journée Qualificative',''),(32,13,'Junior','Nage Libre',200,'02:49:27','00:37:08','01:20:53','2022-10-16','1ère Journée Qualificative',''),(33,15,'Senior','Nage Libre',200,'02:18:64','00:29:84','01:04:36','2022-10-16','1ère Journée Qualificative',''),(34,14,'Senior','Nage Libre',200,'02:21:37','00:30:68','01:05:21','2022-10-16','1ère Journée Qualificative',''),(35,16,'Master','Nage Libre',200,'02:21:90','00:31:84','01:07:59','2022-10-16','1ère Journée Qualificative',''),(36,20,'Minime','Papillon',200,'03:20:22','00:40:39','01:32:10','2022-11-06','2ème Journée Qualificative',''),(37,11,'Cadet','Papillon',200,'03:16:67','00:40:48','01:29:35','2022-11-06','2ème Journée Qualificative',''),(38,12,'Junior','Papillon',200,'03:09:87','00:40:91','01:29:34','2022-11-06','2ème Journée Qualificative',''),(39,14,'Senior','Papillon',200,'02:42:16','00:32:55','01:13:26','2022-11-06','2ème Journée Qualificative',''),(40,15,'Senior','Papillon',200,'03:03:75','00:36:56','01:20:61','2022-11-06','2ème Journée Qualificative',''),(41,21,'Junior','Papillon',200,'03:03:67','00:38:60','01:23:03','2022-11-06','2ème Journée Qualificative',''),(42,20,'Minime','Brasse',200,'03:08:13','00:41:45','01:29:48','2022-11-06','2ème Journée Qualificative',''),(43,9,'Minime','Brasse',200,'03:12:57','00:43:75','01:32:23','2022-11-06','2ème Journée Qualificative',''),(44,11,'Cadet','Brasse',200,'03:13:46','00:43:86','01:34:06','2022-11-06','2ème Journée Qualificative',''),(45,12,'Junior','Brasse',200,'03:02:65','00:41:46','01:27:31','2022-11-06','2ème Journée Qualificative',''),(46,15,'Senior','Brasse',200,'02:55:11','00:39:68','01:24:71','2022-11-06','2ème Journée Qualificative',''),(47,14,'Senior','Brasse',200,'03:05:89','00:40:09','01:27:47','2022-11-06','2ème Journée Qualificative',''),(48,16,'Master','Brasse',200,'02:52:71','00:38:89','01:25:18','2022-11-06','2ème Journée Qualificative',''),(49,21,'Junior','Brasse',200,'03:18:97','00:44:91','01:34:65','2022-11-06','2ème Journée Qualificative',''),(50,22,'Junior','Brasse',200,'03:14:51','00:42:72','01:31:26','2022-11-06','2ème Journée Qualificative',''),(51,5,'Junior','Brasse',200,'03:50:69','00:50:87','01:48:50','2022-11-06','2ème Journée Qualificative',''),(52,21,'Junior','4 Nages',200,'02:53:84','','','2022-11-17','3ème Journée Qualificative',''),(53,22,'Junior','4 Nages',200,'02:47:73','','','2022-11-17','3ème Journée Qualificative',''),(54,5,'Junior','4 Nages',200,'03:09:32','','','2022-11-17','3ème Journée Qualificative',''),(55,6,'Senior','4 Nages',200,'02:53:29','','','2022-11-17','3ème Journée Qualificative',''),(56,7,'Senior','4 Nages',200,'03:14:13','','','2022-11-17','3ème Journée Qualificative',''),(57,20,'Minime','4 Nages',200,'02:53:88','','','2022-11-17','3ème Journée Qualificative',''),(58,9,'Minime','4 Nages',200,'03:07:31','','','2022-11-17','3ème Journée Qualificative',''),(59,10,'Minime','4 Nages',200,'03:10:31','','','2022-11-17','3ème Journée Qualificative',''),(60,11,'Cadet','4 Nages',200,'02:46:80','','','2022-11-17','3ème Journée Qualificative',''),(61,12,'Junior','4 Nages',200,'02:50:81','','','2022-11-17','3ème Journée Qualificative',''),(62,13,'Junior','4 Nages',200,'03:06:81','','','2022-11-17','3ème Journée Qualificative',''),(63,14,'Senior','4 Nages',200,'02:35:41','','','2022-11-17','3ème Journée Qualificative',''),(64,15,'Senior','4 Nages',200,'02:40:08','','','2022-11-17','3ème Journée Qualificative',''),(65,16,'Master','4 Nages',200,'02:28:97','','','2022-11-17','3ème Journée Qualificative',''),(66,3,'Minime','Nage Libre',400,'07:01:85','00:45:40','01:36:46','2022-11-17','3ème Journée Qualificative',''),(67,1,'Minime','Nage Libre',400,'07:13:44','00:47:60','01:39:19','2022-11-17','3ème Journée Qualificative',''),(68,4,'Minime','Nage Libre',400,'07:04:81','00:44:32','01:35:52','2022-11-17','3ème Journée Qualificative',''),(69,21,'Junior','Nage Libre',400,'05:44:45','00:39:56','01:22:13','2022-11-17','3ème Journée Qualificative',''),(70,7,'Senior','Nage Libre',400,'05:37:13','00:37:88','01:18:63','2022-11-17','3ème Journée Qualificative',''),(71,8,'Minime','Nage Libre',400,'06:30:47','00:41:72','01:29:62','2022-11-17','3ème Journée Qualificative',''),(72,20,'Minime','Nage Libre',400,'05:46:01','00:32:22','01:18:21','2022-11-17','3ème Journée Qualificative',''),(73,12,'Junior','Nage Libre',400,'05:35:47','00:37:96','01:18:25','2022-11-17','3ème Journée Qualificative',''),(74,33,'Poussin','Dos',100,'02:23:77','01:10:74','','2023-01-08','4ème Journée Qualificative',''),(75,32,'Poussin','Dos',100,'02:27:45','01:09:41','','2023-01-08','4ème Journée Qualificative',''),(76,23,'Benjamin','Dos',100,'02:00:31','00:57:76','','2023-01-08','4ème Journée Qualificative',''),(77,20,'Minime','Dos',100,'01:17:46','00:37:07','','2023-01-08','4ème Journée Qualificative',''),(78,9,'Minime','Dos',100,'01:23:96','00:41:31','','2023-01-08','4ème Journée Qualificative','https://photos.google.com/share/AF1QipM4XyIQCH9jrCEwcS6WfXKRYKSM3ycGwsiBhbsqmTDPNxXmLAqWQlgmWhVMCGjBkw/photo/AF1QipNbCFDi5N48BaaXoJHizl6WCd_sgXDHLabVNnWx?key=M1U4RkJOMU9GbGRhOHRSVVpBYXk5MC1ZVWd0V3h3'),(79,10,'Minime','Dos',100,'01:27:21','00:43:57','','2023-01-08','4ème Journée Qualificative','https://photos.google.com/share/AF1QipM4XyIQCH9jrCEwcS6WfXKRYKSM3ycGwsiBhbsqmTDPNxXmLAqWQlgmWhVMCGjBkw/photo/AF1QipPq9XTHva0ko9dllrhHk13ggnv-c-ri7YAp29Qd?key=M1U4RkJOMU9GbGRhOHRSVVpBYXk5MC1ZVWd0V3h3'),(80,24,'Minime','Dos',100,'01:57:59','00:57:59','','2023-01-08','4ème Journée Qualificative',''),(81,12,'Junior','Dos',100,'01:24:26','00:42:72','','2023-01-08','4ème Journée Qualificative','https://photos.google.com/share/AF1QipM4XyIQCH9jrCEwcS6WfXKRYKSM3ycGwsiBhbsqmTDPNxXmLAqWQlgmWhVMCGjBkw/photo/AF1QipM5KyFkNdJqrlnuP6X_YCoT8bwR_DZxlQu_wm16?key=M1U4RkJOMU9GbGRhOHRSVVpBYXk5MC1ZVWd0V3h3'),(82,14,'Senior','Dos',100,'01:09:03','00:33:13','','2023-01-08','4ème Journée Qualificative','https://photos.google.com/share/AF1QipM4XyIQCH9jrCEwcS6WfXKRYKSM3ycGwsiBhbsqmTDPNxXmLAqWQlgmWhVMCGjBkw/photo/AF1QipNGsBfVLu5oX01wRBXCncA0ryH8Z7Q6kA_gUwyQ?key=M1U4RkJOMU9GbGRhOHRSVVpBYXk5MC1ZVWd0V3h3'),(83,15,'Senior','Dos',100,'01:10:64','00:33:99','','2023-01-08','4ème Journée Qualificative','https://photos.google.com/share/AF1QipM4XyIQCH9jrCEwcS6WfXKRYKSM3ycGwsiBhbsqmTDPNxXmLAqWQlgmWhVMCGjBkw/photo/AF1QipNGsBfVLu5oX01wRBXCncA0ryH8Z7Q6kA_gUwyQ?key=M1U4RkJOMU9GbGRhOHRSVVpBYXk5MC1ZVWd0V3h3'),(84,16,'Master','Dos',100,'01:07:66','00:32:26','','2023-01-08','4ème Journée Qualificative','https://photos.google.com/share/AF1QipM4XyIQCH9jrCEwcS6WfXKRYKSM3ycGwsiBhbsqmTDPNxXmLAqWQlgmWhVMCGjBkw/photo/AF1QipNGsBfVLu5oX01wRBXCncA0ryH8Z7Q6kA_gUwyQ?key=M1U4RkJOMU9GbGRhOHRSVVpBYXk5MC1ZVWd0V3h3'),(85,34,'Poussin','Dos',100,'02:01:24','00:55:14','','2023-01-08','4ème Journée Qualificative',''),(86,30,'Poussin','Dos',100,'02:28:90','01:09:08','','2023-01-08','4ème Journée Qualificative',''),(87,25,'Poussin','Dos',100,'02:22:37','01:04:44','','2023-01-08','4ème Journée Qualificative',''),(88,17,'Benjamin','Dos',100,'01:55:04','00:53:98','','2023-01-08','4ème Journée Qualificative',''),(89,26,'Benjamin','Dos',100,'02:25:84','01:08:19','','2023-01-08','4ème Journée Qualificative',''),(90,1,'Minime','Dos',100,'01:34:22','00:45:87','','2023-01-08','4ème Journée Qualificative',''),(91,3,'Minime','Dos',100,'01:40:64','00:46:38','','2023-01-08','4ème Journée Qualificative',''),(92,4,'Minime','Dos',100,'01:53:83','00:53:58','','2023-01-08','4ème Journée Qualificative',''),(93,27,'Cadet','Dos',100,'01:28:13','00:42:11','','2023-01-08','4ème Journée Qualificative','https://photos.google.com/share/AF1QipM4XyIQCH9jrCEwcS6WfXKRYKSM3ycGwsiBhbsqmTDPNxXmLAqWQlgmWhVMCGjBkw/photo/AF1QipO-FTWDfszFx1XiA81911xKqjhUgxixb4gCL8mF?key=M1U4RkJOMU9GbGRhOHRSVVpBYXk5MC1ZVWd0V3h3'),(94,21,'Junior','Dos',100,'01:20:92','00:39:35','','2023-01-08','4ème Journée Qualificative','https://photos.google.com/share/AF1QipM4XyIQCH9jrCEwcS6WfXKRYKSM3ycGwsiBhbsqmTDPNxXmLAqWQlgmWhVMCGjBkw/photo/AF1QipO-FTWDfszFx1XiA81911xKqjhUgxixb4gCL8mF?key=M1U4RkJOMU9GbGRhOHRSVVpBYXk5MC1ZVWd0V3h3'),(95,22,'Junior','Dos',100,'01:16:59','00:36:88','','2023-01-08','4ème Journée Qualificative','https://photos.google.com/share/AF1QipM4XyIQCH9jrCEwcS6WfXKRYKSM3ycGwsiBhbsqmTDPNxXmLAqWQlgmWhVMCGjBkw/photo/AF1QipP3eUnRcrfSxyxmrkKwogajLvni8aE5xsXCX_PY?key=M1U4RkJOMU9GbGRhOHRSVVpBYXk5MC1ZVWd0V3h3'),(96,5,'Junior','Dos',100,'01:28:82','00:45:23','','2023-01-08','4ème Journée Qualificative','https://photos.google.com/share/AF1QipM4XyIQCH9jrCEwcS6WfXKRYKSM3ycGwsiBhbsqmTDPNxXmLAqWQlgmWhVMCGjBkw/photo/AF1QipO-FTWDfszFx1XiA81911xKqjhUgxixb4gCL8mF?key=M1U4RkJOMU9GbGRhOHRSVVpBYXk5MC1ZVWd0V3h3'),(97,6,'Senior','Dos',100,'01:15:28','00:37:34','','2023-01-08','4ème Journée Qualificative','https://photos.google.com/share/AF1QipM4XyIQCH9jrCEwcS6WfXKRYKSM3ycGwsiBhbsqmTDPNxXmLAqWQlgmWhVMCGjBkw/photo/AF1QipP3eUnRcrfSxyxmrkKwogajLvni8aE5xsXCX_PY?key=M1U4RkJOMU9GbGRhOHRSVVpBYXk5MC1ZVWd0V3h3'),(98,7,'Senior','Dos',100,'01:23:73','00:40:20','','2023-01-08','4ème Journée Qualificative','https://photos.google.com/share/AF1QipM4XyIQCH9jrCEwcS6WfXKRYKSM3ycGwsiBhbsqmTDPNxXmLAqWQlgmWhVMCGjBkw/photo/AF1QipP3eUnRcrfSxyxmrkKwogajLvni8aE5xsXCX_PY?key=M1U4RkJOMU9GbGRhOHRSVVpBYXk5MC1ZVWd0V3h3'),(99,33,'Poussin','Brasse',50,'01:25:79','','','2023-01-08','4ème Journée Qualificative',''),(100,32,'Poussin','Brasse',50,'01:27:54','','','2023-01-08','4ème Journée Qualificative',''),(101,23,'Benjamin','Brasse',50,'01:06:25','','','2023-01-08','4ème Journée Qualificative',''),(102,20,'Minime','Brasse',50,'00:39:19','','','2023-01-08','4ème Journée Qualificative',''),(103,9,'Minime','Brasse',50,'00:40:59','','','2023-01-08','4ème Journée Qualificative','https://photos.google.com/share/AF1QipM4XyIQCH9jrCEwcS6WfXKRYKSM3ycGwsiBhbsqmTDPNxXmLAqWQlgmWhVMCGjBkw/photo/AF1QipNGqeGRlIgD0HmPkrDSwXzl4g9rXdjUhiPotgiF?key=M1U4RkJOMU9GbGRhOHRSVVpBYXk5MC1ZVWd0V3h3'),(104,10,'Minime','Brasse',50,'00:45:58','','','2023-01-08','4ème Journée Qualificative','https://photos.google.com/share/AF1QipM4XyIQCH9jrCEwcS6WfXKRYKSM3ycGwsiBhbsqmTDPNxXmLAqWQlgmWhVMCGjBkw/photo/AF1QipOMqw5-jM6Dj_pCPBY1ymWaClBeo5HVzNlxGoHk?key=M1U4RkJOMU9GbGRhOHRSVVpBYXk5MC1ZVWd0V3h3'),(105,24,'Minime','Brasse',50,'00:57:36','','','2023-01-08','4ème Journée Qualificative',''),(106,12,'Junior','Brasse',50,'00:39:86','','','2023-01-08','4ème Journée Qualificative','https://photos.google.com/share/AF1QipM4XyIQCH9jrCEwcS6WfXKRYKSM3ycGwsiBhbsqmTDPNxXmLAqWQlgmWhVMCGjBkw/photo/AF1QipOt9epTfWCHgiBW5x6vtEN3vBP0znXI0jHychUS?key=M1U4RkJOMU9GbGRhOHRSVVpBYXk5MC1ZVWd0V3h3'),(107,15,'Senior','Brasse',50,'00:32:64','','','2023-01-08','4ème Journée Qualificative','https://photos.google.com/share/AF1QipM4XyIQCH9jrCEwcS6WfXKRYKSM3ycGwsiBhbsqmTDPNxXmLAqWQlgmWhVMCGjBkw/photo/AF1QipNBgkOIgG1-D02O5iFc8fVL9K1-0ToKk0cruo3m?key=M1U4RkJOMU9GbGRhOHRSVVpBYXk5MC1ZVWd0V3h3'),(108,14,'Senior','Brasse',50,'00:37:31','','','2023-01-08','4ème Journée Qualificative','https://photos.google.com/share/AF1QipM4XyIQCH9jrCEwcS6WfXKRYKSM3ycGwsiBhbsqmTDPNxXmLAqWQlgmWhVMCGjBkw/photo/AF1QipNufnAsRQx_JdZ1VFXgD8-pif0ACLuQ52AAUJ-C?key=M1U4RkJOMU9GbGRhOHRSVVpBYXk5MC1ZVWd0V3h3'),(109,16,'Master','Brasse',50,'00:33:23','','','2023-01-08','4ème Journée Qualificative','https://photos.google.com/share/AF1QipM4XyIQCH9jrCEwcS6WfXKRYKSM3ycGwsiBhbsqmTDPNxXmLAqWQlgmWhVMCGjBkw/photo/AF1QipNBgkOIgG1-D02O5iFc8fVL9K1-0ToKk0cruo3m?key=M1U4RkJOMU9GbGRhOHRSVVpBYXk5MC1ZVWd0V3h3'),(110,34,'Poussin','Brasse',50,'01:12:76','','','2023-01-08','4ème Journée Qualificative',''),(111,30,'Poussin','Brasse',50,'01:36:31','','','2023-01-08','4ème Journée Qualificative',''),(112,25,'Poussin','Brasse',50,'01:37:57','','','2023-01-08','4ème Journée Qualificative',''),(113,17,'Benjamin','Brasse',50,'00:51:76','','','2023-01-08','4ème Journée Qualificative',''),(114,26,'Benjamin','Brasse',50,'01:22:69','','','2023-01-08','4ème Journée Qualificative',''),(115,3,'Minime','Brasse',50,'00:54:40','','','2023-01-08','4ème Journée Qualificative',''),(116,1,'Minime','Brasse',50,'00:57:86','','','2023-01-08','4ème Journée Qualificative',''),(117,4,'Minime','Brasse',50,'00:54:28','','','2023-01-08','4ème Journée Qualificative',''),(118,27,'Cadet','Brasse',50,'00:46:10','','','2023-01-08','4ème Journée Qualificative','https://photos.google.com/share/AF1QipM4XyIQCH9jrCEwcS6WfXKRYKSM3ycGwsiBhbsqmTDPNxXmLAqWQlgmWhVMCGjBkw/photo/AF1QipPKwHYrTlVZsYR3TNZJekOKiXX8AWOzUO79sopU?key=M1U4RkJOMU9GbGRhOHRSVVpBYXk5MC1ZVWd0V3h3'),(119,21,'Junior','Brasse',50,'00:40:56','','','2023-01-08','4ème Journée Qualificative','https://photos.google.com/share/AF1QipM4XyIQCH9jrCEwcS6WfXKRYKSM3ycGwsiBhbsqmTDPNxXmLAqWQlgmWhVMCGjBkw/photo/AF1QipM11Uh_QqgqpRU7CqzBAeq7ERh12r1trHc493jZ?key=M1U4RkJOMU9GbGRhOHRSVVpBYXk5MC1ZVWd0V3h3'),(120,22,'Junior','Brasse',50,'00:39:85','','','2023-01-08','4ème Journée Qualificative','https://photos.google.com/share/AF1QipM4XyIQCH9jrCEwcS6WfXKRYKSM3ycGwsiBhbsqmTDPNxXmLAqWQlgmWhVMCGjBkw/photo/AF1QipNrJosLaMMiEn9Rne__EUR94hG4ukluVjFctAMd?key=M1U4RkJOMU9GbGRhOHRSVVpBYXk5MC1ZVWd0V3h3'),(121,5,'Junior','Brasse',50,'00:49:95','','','2023-01-08','4ème Journée Qualificative','https://photos.google.com/share/AF1QipM4XyIQCH9jrCEwcS6WfXKRYKSM3ycGwsiBhbsqmTDPNxXmLAqWQlgmWhVMCGjBkw/photo/AF1QipM1lRcYqXxQIV2ae8yV94lmpcWZ7whSX-G1u8Wz?key=M1U4RkJOMU9GbGRhOHRSVVpBYXk5MC1ZVWd0V3h3'),(122,6,'Senior','Brasse',50,'00:41:84','','','2023-01-08','4ème Journée Qualificative','https://photos.google.com/share/AF1QipM4XyIQCH9jrCEwcS6WfXKRYKSM3ycGwsiBhbsqmTDPNxXmLAqWQlgmWhVMCGjBkw/photo/AF1QipM11Uh_QqgqpRU7CqzBAeq7ERh12r1trHc493jZ?key=M1U4RkJOMU9GbGRhOHRSVVpBYXk5MC1ZVWd0V3h3'),(123,7,'Senior','Brasse',50,'00:46:19','','','2023-01-08','4ème Journée Qualificative','https://photos.google.com/share/AF1QipM4XyIQCH9jrCEwcS6WfXKRYKSM3ycGwsiBhbsqmTDPNxXmLAqWQlgmWhVMCGjBkw/photo/AF1QipMmBdqeIkDNrOVYKzWLIH-ZH5dHR5Besj9-6wX3?key=M1U4RkJOMU9GbGRhOHRSVVpBYXk5MC1ZVWd0V3h3'),(124,34,'Poussin','Brasse',100,'02:35:59','01:16:84','','2023-01-22','5ème Journée Qualificative',''),(125,25,'Poussin','Brasse',100,'02:53:63','01:24:19','','2023-01-22','5ème Journée Qualificative',''),(126,17,'Benjamin','Brasse',100,'01:58:19','00:52:06','','2023-01-22','5ème Journée Qualificative',''),(127,26,'Benjamin','Brasse',100,'02:37:25','01:14:13','','2023-01-22','5ème Journée Qualificative',''),(128,3,'Minime','Brasse',100,'01:57:51','00:54:22','','2023-01-22','5ème Journée Qualificative',''),(129,1,'Minime','Brasse',100,'02:08:50','00:59:11','','2023-01-22','5ème Journée Qualificative',''),(130,27,'Cadet','Brasse',100,'01:43:05','00:48:50','','2023-01-22','5ème Journée Qualificative','https://photos.google.com/share/AF1QipOdEMJuYOINX5nurJq6G4juKvA3wll02SPG20Yn26lY3gUus2aYQN_yNXh5dbTzFQ/photo/AF1QipNmPjS6HBvd8ZlrYeYlE2dVjRcra5u9LdSn8YoW?key=N3ZzeXRWNFhVMTJCVjJHR1d1bkh6X3lWTlhfQTRB'),(131,5,'Junior','Brasse',100,'01:47:61','00:50:21','','2023-01-22','5ème Journée Qualificative','https://photos.google.com/share/AF1QipOdEMJuYOINX5nurJq6G4juKvA3wll02SPG20Yn26lY3gUus2aYQN_yNXh5dbTzFQ/photo/AF1QipM5GcvgrwfV6twUXe6o6Qu2DcYE6zvTKzbc4PkJ?key=N3ZzeXRWNFhVMTJCVjJHR1d1bkh6X3lWTlhfQTRB'),(132,6,'Senior','Brasse',100,'01:32:71','00:43:56','','2023-01-22','5ème Journée Qualificative','https://photos.google.com/share/AF1QipOdEMJuYOINX5nurJq6G4juKvA3wll02SPG20Yn26lY3gUus2aYQN_yNXh5dbTzFQ/photo/AF1QipPiqqxGWV2yhNvOgyVU_787wvfCdhQQzyBAGmYD?key=N3ZzeXRWNFhVMTJCVjJHR1d1bkh6X3lWTlhfQTRB'),(133,33,'Poussin','Brasse',100,'02:48:07','01:20:44','','2023-01-22','5ème Journée Qualificative',''),(134,32,'Poussin','Brasse',100,'02:54:79','01:25:62','','2023-01-22','5ème Journée Qualificative',''),(135,23,'Benjamin','Brasse',100,'02:22:29','01:04:66','','2023-01-22','5ème Journée Qualificative',''),(136,9,'Minime','Brasse',100,'01:29:13','00:42:38','','2023-01-22','5ème Journée Qualificative','https://photos.google.com/share/AF1QipOdEMJuYOINX5nurJq6G4juKvA3wll02SPG20Yn26lY3gUus2aYQN_yNXh5dbTzFQ/photo/AF1QipONdum1RajYZ3UE59YLOGiA1JhWLWJbCDlWayzO?key=N3ZzeXRWNFhVMTJCVjJHR1d1bkh6X3lWTlhfQTRB'),(137,10,'Minime','Brasse',100,'01:40:69','00:47:22','','2023-01-22','5ème Journée Qualificative','https://photos.google.com/share/AF1QipOdEMJuYOINX5nurJq6G4juKvA3wll02SPG20Yn26lY3gUus2aYQN_yNXh5dbTzFQ/photo/AF1QipPvsKSjgREVyXt0ugVXPaBtFd7VzLvUTCAcpW6N?key=N3ZzeXRWNFhVMTJCVjJHR1d1bkh6X3lWTlhfQTRB'),(138,24,'Minime','Brasse',100,'02:04:51','00:57:30','','2023-01-22','5ème Journée Qualificative',''),(139,28,'Minime','Brasse',100,'02:07:93','00:57:83','','2023-01-22','5ème Journée Qualificative',''),(140,11,'Cadet','Brasse',100,'01:23:83','00:38:56','','2023-01-22','5ème Journée Qualificative','https://photos.google.com/share/AF1QipOdEMJuYOINX5nurJq6G4juKvA3wll02SPG20Yn26lY3gUus2aYQN_yNXh5dbTzFQ/photo/AF1QipOwpZos8tKza-wVlvnD7N3BffcOzsG40hV9hTqm?key=N3ZzeXRWNFhVMTJCVjJHR1d1bkh6X3lWTlhfQTRB'),(141,12,'Junior','Brasse',100,'01:22:71','00:39:24','','2023-01-22','5ème Journée Qualificative','https://photos.google.com/share/AF1QipOdEMJuYOINX5nurJq6G4juKvA3wll02SPG20Yn26lY3gUus2aYQN_yNXh5dbTzFQ/photo/AF1QipOYFzQE_GwgQ3RMppTsMzw8tai37r2wxTimmIWs?key=N3ZzeXRWNFhVMTJCVjJHR1d1bkh6X3lWTlhfQTRB'),(142,13,'Junior','Brasse',100,'01:44:46','00:48:49','','2023-01-22','5ème Journée Qualificative','https://photos.google.com/share/AF1QipOdEMJuYOINX5nurJq6G4juKvA3wll02SPG20Yn26lY3gUus2aYQN_yNXh5dbTzFQ/photo/AF1QipM29VU6INI4fAwu_hOCmOx0CzQDP-vrxO8A61U3?key=N3ZzeXRWNFhVMTJCVjJHR1d1bkh6X3lWTlhfQTRB'),(143,15,'Senior','Brasse',100,'01:14:42','00:34:21','','2023-01-22','5ème Journée Qualificative','https://photos.google.com/share/AF1QipOdEMJuYOINX5nurJq6G4juKvA3wll02SPG20Yn26lY3gUus2aYQN_yNXh5dbTzFQ/photo/AF1QipOwpZos8tKza-wVlvnD7N3BffcOzsG40hV9hTqm?key=N3ZzeXRWNFhVMTJCVjJHR1d1bkh6X3lWTlhfQTRB'),(144,16,'Master','Brasse',100,'01:13:31','00:33:28','','2023-01-22','5ème Journée Qualificative','https://photos.google.com/share/AF1QipOdEMJuYOINX5nurJq6G4juKvA3wll02SPG20Yn26lY3gUus2aYQN_yNXh5dbTzFQ/photo/AF1QipOwpZos8tKza-wVlvnD7N3BffcOzsG40hV9hTqm?key=N3ZzeXRWNFhVMTJCVjJHR1d1bkh6X3lWTlhfQTRB'),(145,34,'Poussin','Dos',50,'00:55:53','','','2023-01-22','5ème Journée Qualificative',''),(146,30,'Poussin','Dos',50,'01:10:58','','','2023-01-22','5ème Journée Qualificative',''),(147,25,'Poussin','Dos',50,'01:04:66','','','2023-01-22','5ème Journée Qualificative',''),(148,17,'Benjamin','Dos',50,'00:51:27','','','2023-01-22','5ème Journée Qualificative',''),(149,26,'Benjamin','Dos',50,'01:04:16','','','2023-01-22','5ème Journée Qualificative',''),(150,1,'Minime','Dos',50,'00:43:13','','','2023-01-22','5ème Journée Qualificative',''),(151,3,'Minime','Dos',50,'00:45:03','','','2023-01-22','5ème Journée Qualificative',''),(152,27,'Cadet','Dos',50,'00:40:36','','','2023-01-22','5ème Journée Qualificative','https://photos.google.com/share/AF1QipOdEMJuYOINX5nurJq6G4juKvA3wll02SPG20Yn26lY3gUus2aYQN_yNXh5dbTzFQ/photo/AF1QipP7jCwCqXgkoqCbQwJy1v5nuVOySnj5kQPoTKpq?key=N3ZzeXRWNFhVMTJCVjJHR1d1bkh6X3lWTlhfQTRB'),(153,5,'Junior','Dos',50,'00:40:72','','','2023-01-22','5ème Journée Qualificative','https://photos.google.com/share/AF1QipOdEMJuYOINX5nurJq6G4juKvA3wll02SPG20Yn26lY3gUus2aYQN_yNXh5dbTzFQ/photo/AF1QipM-OR1tplrKBTDD_BgzEJ2hUUGsXBV13f67YNDP?key=N3ZzeXRWNFhVMTJCVjJHR1d1bkh6X3lWTlhfQTRB'),(154,6,'Senior','Dos',50,'00:34:51','','','2023-01-22','5ème Journée Qualificative','https://photos.google.com/share/AF1QipOdEMJuYOINX5nurJq6G4juKvA3wll02SPG20Yn26lY3gUus2aYQN_yNXh5dbTzFQ/photo/AF1QipM-OR1tplrKBTDD_BgzEJ2hUUGsXBV13f67YNDP?key=N3ZzeXRWNFhVMTJCVjJHR1d1bkh6X3lWTlhfQTRB'),(155,33,'Poussin','Dos',50,'00:59:88','','','2023-01-22','5ème Journée Qualificative',''),(156,31,'Poussin','Dos',50,'01:22:02','','','2023-01-22','5ème Journée Qualificative',''),(157,32,'Poussin','Dos',50,'01:15:96','','','2023-01-22','5ème Journée Qualificative',''),(158,23,'Benjamin','Dos',50,'00:51:84','','','2023-01-22','5ème Journée Qualificative',''),(159,9,'Minime','Dos',50,'00:39:46','','','2023-01-22','5ème Journée Qualificative','https://photos.google.com/share/AF1QipOdEMJuYOINX5nurJq6G4juKvA3wll02SPG20Yn26lY3gUus2aYQN_yNXh5dbTzFQ/photo/AF1QipOkRUoJMWyRaqLKPI1x5haA9QPDf2b3nGvwZ6Ss?key=N3ZzeXRWNFhVMTJCVjJHR1d1bkh6X3lWTlhfQTRB'),(160,10,'Minime','Dos',50,'00:39:46','','','2023-01-22','5ème Journée Qualificative','https://photos.google.com/share/AF1QipOdEMJuYOINX5nurJq6G4juKvA3wll02SPG20Yn26lY3gUus2aYQN_yNXh5dbTzFQ/photo/AF1QipMAQpRaq4C7aB1qoMjtbtPXAmXzhfO-fGVDUR9m?key=N3ZzeXRWNFhVMTJCVjJHR1d1bkh6X3lWTlhfQTRB'),(161,28,'Minime','Dos',50,'00:49:43','','','2023-01-22','5ème Journée Qualificative',''),(162,24,'Minime','Dos',50,'00:53:94','','','2023-01-22','5ème Journée Qualificative',''),(163,11,'Cadet','Dos',50,'00:34:37','','','2023-01-22','5ème Journée Qualificative','https://photos.google.com/share/AF1QipOdEMJuYOINX5nurJq6G4juKvA3wll02SPG20Yn26lY3gUus2aYQN_yNXh5dbTzFQ/photo/AF1QipOl5d2b_i0YoB6oGOL51GK5Z2DqpS9pCOSLXGrN?key=N3ZzeXRWNFhVMTJCVjJHR1d1bkh6X3lWTlhfQTRB'),(164,12,'Junior','Dos',50,'00:38:62','','','2023-01-22','5ème Journée Qualificative','https://photos.google.com/share/AF1QipOdEMJuYOINX5nurJq6G4juKvA3wll02SPG20Yn26lY3gUus2aYQN_yNXh5dbTzFQ/photo/AF1QipPMZkMuJ77lxwgVr9FdiVoo30xALUzA7cP3OFAL?key=N3ZzeXRWNFhVMTJCVjJHR1d1bkh6X3lWTlhfQTRB'),(165,13,'Junior','Dos',50,'00:39:81','','','2023-01-22','5ème Journée Qualificative','https://photos.google.com/share/AF1QipOdEMJuYOINX5nurJq6G4juKvA3wll02SPG20Yn26lY3gUus2aYQN_yNXh5dbTzFQ/photo/AF1QipPTBsvS6oLcCyeXmUKA0cFa5UZakasgVyEaVUMS?key=N3ZzeXRWNFhVMTJCVjJHR1d1bkh6X3lWTlhfQTRB'),(166,15,'Senior','Dos',50,'00:30:89','','','2023-01-22','5ème Journée Qualificative','https://photos.google.com/share/AF1QipOdEMJuYOINX5nurJq6G4juKvA3wll02SPG20Yn26lY3gUus2aYQN_yNXh5dbTzFQ/photo/AF1QipPMZkMuJ77lxwgVr9FdiVoo30xALUzA7cP3OFAL?key=N3ZzeXRWNFhVMTJCVjJHR1d1bkh6X3lWTlhfQTRB'),(167,16,'Master','Dos',50,'00:31:41','','','2023-01-22','5ème Journée Qualificative','https://photos.google.com/share/AF1QipOdEMJuYOINX5nurJq6G4juKvA3wll02SPG20Yn26lY3gUus2aYQN_yNXh5dbTzFQ/photo/AF1QipPMZkMuJ77lxwgVr9FdiVoo30xALUzA7cP3OFAL?key=N3ZzeXRWNFhVMTJCVjJHR1d1bkh6X3lWTlhfQTRB'),(168,23,'Benjamin','Papillon',100,'02:41:34','01:07:84','','2023-02-05','6ème Journée Qualificative',''),(169,20,'Minime','Papillon',100,'01:30:47','00:39:00','','2023-02-05','6ème Journée Qualificative',''),(170,10,'Minime','Papillon',100,'01:36:62','00:42:00','','2023-02-05','6ème Journée Qualificative','https://photos.google.com/share/AF1QipO31vli-wVTMD2uT4WnAusZrzKFpOOzOhOVxV3Hf-CM1GGpP2j-hMm1W1Qskcf7sQ/photo/AF1QipNGud-FDGrS8Z0hhiMPaN5bDnIbyj_dakP9gC6E?key=MkdUdllJb29NM00yVXBDY3JWc1REd2MzYzB0VlZn'),(171,9,'Minime','Papillon',100,'01:40:36','00:44:74','','2023-02-05','6ème Journée Qualificative','https://photos.google.com/share/AF1QipO31vli-wVTMD2uT4WnAusZrzKFpOOzOhOVxV3Hf-CM1GGpP2j-hMm1W1Qskcf7sQ/photo/AF1QipM4b4JwWIqAOk0zqob5yZfCQ-rwu5NY64cZ-ZX-?key=MkdUdllJb29NM00yVXBDY3JWc1REd2MzYzB0VlZn'),(172,24,'Minime','Papillon',100,'01:59:43','00:52:68','','2023-02-05','6ème Journée Qualificative',''),(173,11,'Cadet','Papillon',100,'01:20:25','00:35:00','','2023-02-05','6ème Journée Qualificative','https://photos.google.com/share/AF1QipO31vli-wVTMD2uT4WnAusZrzKFpOOzOhOVxV3Hf-CM1GGpP2j-hMm1W1Qskcf7sQ/photo/AF1QipP0Yfg6EtLNQovNfFHA5qS3rrXOxUMwFlbXT-4D?key=MkdUdllJb29NM00yVXBDY3JWc1REd2MzYzB0VlZn'),(174,12,'Junior','Papillon',100,'01:24:69','00:38:74','','2023-02-05','6ème Journée Qualificative','https://photos.google.com/share/AF1QipO31vli-wVTMD2uT4WnAusZrzKFpOOzOhOVxV3Hf-CM1GGpP2j-hMm1W1Qskcf7sQ/photo/AF1QipMERaLSbwWpPbKRAcS3rtDF_Q9ooDNMHsemoEXn?key=MkdUdllJb29NM00yVXBDY3JWc1REd2MzYzB0VlZn'),(175,13,'Junior','Papillon',100,'01:26:29','00:37:02','','2023-02-05','6ème Journée Qualificative','https://photos.google.com/share/AF1QipO31vli-wVTMD2uT4WnAusZrzKFpOOzOhOVxV3Hf-CM1GGpP2j-hMm1W1Qskcf7sQ/photo/AF1QipP0Yfg6EtLNQovNfFHA5qS3rrXOxUMwFlbXT-4D?key=MkdUdllJb29NM00yVXBDY3JWc1REd2MzYzB0VlZn'),(176,14,'Senior','Papillon',100,'01:06:94','00:30:79','','2023-02-05','6ème Journée Qualificative','https://photos.google.com/share/AF1QipO31vli-wVTMD2uT4WnAusZrzKFpOOzOhOVxV3Hf-CM1GGpP2j-hMm1W1Qskcf7sQ/photo/AF1QipPMdIQV0gxFesqj3IvmaEGznsa7D7T1Sw_hQqgd?key=MkdUdllJb29NM00yVXBDY3JWc1REd2MzYzB0VlZn'),(177,15,'Senior','Papillon',100,'01:09:01','00:31:26','','2023-02-05','6ème Journée Qualificative','https://photos.google.com/share/AF1QipO31vli-wVTMD2uT4WnAusZrzKFpOOzOhOVxV3Hf-CM1GGpP2j-hMm1W1Qskcf7sQ/photo/AF1QipPMdIQV0gxFesqj3IvmaEGznsa7D7T1Sw_hQqgd?key=MkdUdllJb29NM00yVXBDY3JWc1REd2MzYzB0VlZn'),(178,1,'Minime','Papillon',100,'01:48:10','00:48:37','','2023-02-05','6ème Journée Qualificative',''),(179,21,'Junior','Papillon',100,'01:20:31','00:36:82','','2023-02-05','6ème Journée Qualificative','https://photos.google.com/share/AF1QipO31vli-wVTMD2uT4WnAusZrzKFpOOzOhOVxV3Hf-CM1GGpP2j-hMm1W1Qskcf7sQ/photo/AF1QipMxQf_fXaAbtbVohJOo6SyTVSnwytjH2REFZzFX?key=MkdUdllJb29NM00yVXBDY3JWc1REd2MzYzB0VlZn'),(180,29,'Junior','Papillon',100,'01:34:81','00:42:91','','2023-02-05','6ème Journée Qualificative','https://photos.google.com/share/AF1QipO31vli-wVTMD2uT4WnAusZrzKFpOOzOhOVxV3Hf-CM1GGpP2j-hMm1W1Qskcf7sQ/photo/AF1QipNZPMZX4EA-Cx1RY8HWwq1K5JHECF74VnOukWUI?key=MkdUdllJb29NM00yVXBDY3JWc1REd2MzYzB0VlZn'),(181,6,'Senior','Papillon',100,'01:20:40','00:36:30','','2023-02-05','6ème Journée Qualificative','https://photos.google.com/share/AF1QipO31vli-wVTMD2uT4WnAusZrzKFpOOzOhOVxV3Hf-CM1GGpP2j-hMm1W1Qskcf7sQ/photo/AF1QipMxQf_fXaAbtbVohJOo6SyTVSnwytjH2REFZzFX?key=MkdUdllJb29NM00yVXBDY3JWc1REd2MzYzB0VlZn'),(182,7,'Senior','Papillon',100,'01:36:53','00:44:43','','2023-02-05','6ème Journée Qualificative','https://photos.google.com/share/AF1QipO31vli-wVTMD2uT4WnAusZrzKFpOOzOhOVxV3Hf-CM1GGpP2j-hMm1W1Qskcf7sQ/photo/AF1QipNZPMZX4EA-Cx1RY8HWwq1K5JHECF74VnOukWUI?key=MkdUdllJb29NM00yVXBDY3JWc1REd2MzYzB0VlZn'),(183,33,'Poussin','Nage Libre',50,'00:59:22','','','2023-02-05','6ème Journée Qualificative',''),(184,31,'Poussin','Nage Libre',50,'01:23:47','','','2023-02-05','6ème Journée Qualificative',''),(185,23,'Benjamin','Nage Libre',50,'00:43:96','','','2023-02-05','6ème Journée Qualificative',''),(186,8,'Minime','Nage Libre',50,'00:34:23','','','2023-02-05','6ème Journée Qualificative',''),(187,20,'Minime','Nage Libre',50,'00:30:94','','','2023-02-05','6ème Journée Qualificative','https://photos.google.com/share/AF1QipO31vli-wVTMD2uT4WnAusZrzKFpOOzOhOVxV3Hf-CM1GGpP2j-hMm1W1Qskcf7sQ/photo/AF1QipMlNpwaKl6KBjbaoaiNF12UW6lzlHp1bUzmGg3Q?key=MkdUdllJb29NM00yVXBDY3JWc1REd2MzYzB0VlZn'),(188,10,'Minime','Nage Libre',50,'00:31:13','','','2023-02-05','6ème Journée Qualificative','https://photos.google.com/share/AF1QipO31vli-wVTMD2uT4WnAusZrzKFpOOzOhOVxV3Hf-CM1GGpP2j-hMm1W1Qskcf7sQ/photo/AF1QipOsyAmYHmVWGC8ZJeT8bWtNfqOaF338pZU4O1dU?key=MkdUdllJb29NM00yVXBDY3JWc1REd2MzYzB0VlZn'),(189,9,'Minime','Nage Libre',50,'00:33:75','','','2023-02-05','6ème Journée Qualificative','https://photos.google.com/share/AF1QipO31vli-wVTMD2uT4WnAusZrzKFpOOzOhOVxV3Hf-CM1GGpP2j-hMm1W1Qskcf7sQ/photo/AF1QipNk7SE0BORLMifXaPyVUPLTWrfcso0BI2cCkMGk?key=MkdUdllJb29NM00yVXBDY3JWc1REd2MzYzB0VlZn'),(190,24,'Minime','Nage Libre',50,'00:45:40','','','2023-02-05','6ème Journée Qualificative',''),(191,11,'Cadet','Nage Libre',50,'00:28:23','','','2023-02-05','6ème Journée Qualificative','https://photos.google.com/share/AF1QipO31vli-wVTMD2uT4WnAusZrzKFpOOzOhOVxV3Hf-CM1GGpP2j-hMm1W1Qskcf7sQ/photo/AF1QipMuegdfX7XScqmYxwKT5jKUJzQW985VHzEqQjLA?key=MkdUdllJb29NM00yVXBDY3JWc1REd2MzYzB0VlZn'),(192,12,'Junior','Nage Libre',50,'00:31:25','','','2023-02-05','6ème Journée Qualificative','https://photos.google.com/share/AF1QipO31vli-wVTMD2uT4WnAusZrzKFpOOzOhOVxV3Hf-CM1GGpP2j-hMm1W1Qskcf7sQ/photo/AF1QipMuegdfX7XScqmYxwKT5jKUJzQW985VHzEqQjLA?key=MkdUdllJb29NM00yVXBDY3JWc1REd2MzYzB0VlZn'),(193,13,'Junior','Nage Libre',50,'00:33:14','','','2023-02-05','6ème Journée Qualificative','https://photos.google.com/share/AF1QipO31vli-wVTMD2uT4WnAusZrzKFpOOzOhOVxV3Hf-CM1GGpP2j-hMm1W1Qskcf7sQ/photo/AF1QipOsyAmYHmVWGC8ZJeT8bWtNfqOaF338pZU4O1dU?key=MkdUdllJb29NM00yVXBDY3JWc1REd2MzYzB0VlZn'),(194,15,'Senior','Nage Libre',50,'00:25:20','','','2023-02-05','6ème Journée Qualificative','https://photos.google.com/share/AF1QipO31vli-wVTMD2uT4WnAusZrzKFpOOzOhOVxV3Hf-CM1GGpP2j-hMm1W1Qskcf7sQ/photo/AF1QipNfAeSqe3yi_5Bo29zV6oF_bRJH2TBePnxbG6Dk?key=MkdUdllJb29NM00yVXBDY3JWc1REd2MzYzB0VlZn'),(195,14,'Senior','Nage Libre',50,'00:28:78','','','2023-02-05','6ème Journée Qualificative','https://photos.google.com/share/AF1QipO31vli-wVTMD2uT4WnAusZrzKFpOOzOhOVxV3Hf-CM1GGpP2j-hMm1W1Qskcf7sQ/photo/AF1QipNfAeSqe3yi_5Bo29zV6oF_bRJH2TBePnxbG6Dk?key=MkdUdllJb29NM00yVXBDY3JWc1REd2MzYzB0VlZn'),(196,34,'Poussin','Nage Libre',50,'00:55:90','','','2023-02-05','6ème Journée Qualificative',''),(197,30,'Poussin','Nage Libre',50,'01:16:89','','','2023-02-05','6ème Journée Qualificative',''),(198,25,'Poussin','Nage Libre',50,'01:04:60','','','2023-02-05','6ème Journée Qualificative',''),(199,26,'Benjamin','Nage Libre',50,'00:59:18','','','2023-02-05','6ème Journée Qualificative',''),(200,1,'Minime','Nage Libre',50,'00:37:41','','','2023-02-05','6ème Journée Qualificative',''),(201,21,'Junior','Nage Libre',50,'00:32:90','','','2023-02-05','6ème Journée Qualificative','https://photos.google.com/share/AF1QipO31vli-wVTMD2uT4WnAusZrzKFpOOzOhOVxV3Hf-CM1GGpP2j-hMm1W1Qskcf7sQ/photo/AF1QipOSfovuy02qaoXLIT3wy70h2xoKZIzgmGo6RXww?key=MkdUdllJb29NM00yVXBDY3JWc1REd2MzYzB0VlZn'),(202,22,'Junior','Nage Libre',50,'00:29:28','','','2023-02-05','6ème Journée Qualificative','https://photos.google.com/share/AF1QipO31vli-wVTMD2uT4WnAusZrzKFpOOzOhOVxV3Hf-CM1GGpP2j-hMm1W1Qskcf7sQ/photo/AF1QipOV0zo0nCQ89cc89G66gQeXwc4iTlQ4gJ5srrnR?key=MkdUdllJb29NM00yVXBDY3JWc1REd2MzYzB0VlZn'),(203,29,'Junior','Nage Libre',50,'00:34:07','','','2023-02-05','6ème Journée Qualificative','https://photos.google.com/share/AF1QipO31vli-wVTMD2uT4WnAusZrzKFpOOzOhOVxV3Hf-CM1GGpP2j-hMm1W1Qskcf7sQ/photo/AF1QipNSKhGcxjwlka5tXU1I18DCCSEkd99Q3RrjpiBh?key=MkdUdllJb29NM00yVXBDY3JWc1REd2MzYzB0VlZn'),(204,6,'Senior','Nage Libre',50,'00:31:00','','','2023-02-05','6ème Journée Qualificative','https://photos.google.com/share/AF1QipO31vli-wVTMD2uT4WnAusZrzKFpOOzOhOVxV3Hf-CM1GGpP2j-hMm1W1Qskcf7sQ/photo/AF1QipOV0zo0nCQ89cc89G66gQeXwc4iTlQ4gJ5srrnR?key=MkdUdllJb29NM00yVXBDY3JWc1REd2MzYzB0VlZn'),(205,7,'Senior','Nage Libre',50,'00:34:50','','','2023-02-05','6ème Journée Qualificative','https://photos.google.com/share/AF1QipO31vli-wVTMD2uT4WnAusZrzKFpOOzOhOVxV3Hf-CM1GGpP2j-hMm1W1Qskcf7sQ/photo/AF1QipOV0zo0nCQ89cc89G66gQeXwc4iTlQ4gJ5srrnR?key=MkdUdllJb29NM00yVXBDY3JWc1REd2MzYzB0VlZn'),(206,30,'Poussin','Nage Libre',100,'02:28:22','01:08:15','','2023-03-05','7ème Journée Qualificative',''),(207,25,'Poussin','Nage Libre',100,'02:19:06','01:02:72','','2023-03-05','7ème Journée Qualificative',''),(208,17,'Benjamin','Nage Libre',100,'01:37:81','00:42:70','','2023-03-05','7ème Journée Qualificative',''),(209,26,'Benjamin','Nage Libre',100,'02:09:53','00:59:32','','2023-03-05','7ème Journée Qualificative',''),(210,3,'Minime','Nage Libre',100,'01:25:22','00:41:14','','2023-03-05','7ème Journée Qualificative',''),(211,1,'Minime','Nage Libre',100,'01:26:59','00:41:24','','2023-03-05','7ème Journée Qualificative',''),(212,21,'Junior','Nage Libre',100,'01:14:72','00:35:87','','2023-03-05','7ème Journée Qualificative',''),(213,29,'Junior','Nage Libre',100,'01:17:99','00:37:42','','2023-03-05','7ème Journée Qualificative',''),(214,5,'Junior','Nage Libre',100,'01:20:16','00:37:52','','2023-03-05','7ème Journée Qualificative','https://photos.google.com/share/AF1QipPGlpYv9s9HxdIlVdydfw3mLQtFpvNIxFhL5Ia59leHqOsBj0JfMJTgFCADzrhc5Q/photo/AF1QipPlhqAuS5wGTEYobuiOOOjEvuJle-tDK2fDPr_E?key=ZnJrLWxURkhxaGZURlJiQi1SUlgwb2t2bnlscFRR'),(215,6,'Senior','Nage Libre',100,'01:09:31','00:33:16','','2023-03-05','7ème Journée Qualificative','https://photos.google.com/share/AF1QipPGlpYv9s9HxdIlVdydfw3mLQtFpvNIxFhL5Ia59leHqOsBj0JfMJTgFCADzrhc5Q/photo/AF1QipPkO_KfWI1SsNptYY8GFklCltjCKOaDD2eQnOPN?key=ZnJrLWxURkhxaGZURlJiQi1SUlgwb2t2bnlscFRR'),(216,7,'Senior','Nage Libre',100,'01:13:31','00:35:10','','2023-03-05','7ème Journée Qualificative','https://photos.google.com/share/AF1QipPGlpYv9s9HxdIlVdydfw3mLQtFpvNIxFhL5Ia59leHqOsBj0JfMJTgFCADzrhc5Q/photo/AF1QipPkO_KfWI1SsNptYY8GFklCltjCKOaDD2eQnOPN?key=ZnJrLWxURkhxaGZURlJiQi1SUlgwb2t2bnlscFRR'),(217,31,'Poussin','Nage Libre',100,'02:21:65','01:05:78','','2023-03-05','7ème Journée Qualificative',''),(218,32,'Poussin','Nage Libre',100,'02:31:64','01:11:35','','2023-03-05','7ème Journée Qualificative',''),(219,23,'Benjamin','Nage Libre',100,'01:40:72','00:46:12','','2023-03-05','7ème Journée Qualificative',''),(220,8,'Minime','Nage Libre',100,'01:20:74','00:37:42','','2023-03-05','7ème Journée Qualificative',''),(221,20,'Minime','Nage Libre',100,'01:09:62','00:32:01','','2023-03-05','7ème Journée Qualificative',''),(222,10,'Minime','Nage Libre',100,'01:10:65','00:34:86','','2023-03-05','7ème Journée Qualificative','https://photos.google.com/share/AF1QipPGlpYv9s9HxdIlVdydfw3mLQtFpvNIxFhL5Ia59leHqOsBj0JfMJTgFCADzrhc5Q/photo/AF1QipMUWBMpJFYv9DBOAb-WWbM_71WmwB0yuN8ts3Wi?key=ZnJrLWxURkhxaGZURlJiQi1SUlgwb2t2bnlscFRR'),(223,9,'Minime','Nage Libre',100,'01:18:30','00:38:83','','2023-03-05','7ème Journée Qualificative','https://photos.google.com/share/AF1QipPGlpYv9s9HxdIlVdydfw3mLQtFpvNIxFhL5Ia59leHqOsBj0JfMJTgFCADzrhc5Q/photo/AF1QipMuC-ZdNbPUBV6JJC7fkqaGPc5QECQb7MxXz3Nj?key=ZnJrLWxURkhxaGZURlJiQi1SUlgwb2t2bnlscFRR'),(224,28,'Minime','Nage Libre',100,'01:35:76','00:45:58','','2023-03-05','7ème Journée Qualificative',''),(225,24,'Minime','Nage Libre',100,'01:39:97','00:47:31','','2023-03-05','7ème Journée Qualificative',''),(226,11,'Cadet','Nage Libre',100,'01:03:13','00:29:74','','2023-03-05','7ème Journée Qualificative','https://photos.google.com/share/AF1QipPGlpYv9s9HxdIlVdydfw3mLQtFpvNIxFhL5Ia59leHqOsBj0JfMJTgFCADzrhc5Q/photo/AF1QipP1DhLq1ZGjn--3eZHJw9u4SWK_EaBJsBUYMyy-?key=ZnJrLWxURkhxaGZURlJiQi1SUlgwb2t2bnlscFRR'),(227,15,'Senior','Nage Libre',100,'00:57:23','00:27:28','','2023-03-05','7ème Journée Qualificative','https://photos.google.com/share/AF1QipPGlpYv9s9HxdIlVdydfw3mLQtFpvNIxFhL5Ia59leHqOsBj0JfMJTgFCADzrhc5Q/photo/AF1QipMu0hlerSXYg5jG3wrkFifT1qUDlCYQrQ7XFf_z?key=ZnJrLWxURkhxaGZURlJiQi1SUlgwb2t2bnlscFRR'),(228,14,'Senior','Nage Libre',100,'01:01:34','00:28:80','','2023-03-05','7ème Journée Qualificative','https://photos.google.com/share/AF1QipPGlpYv9s9HxdIlVdydfw3mLQtFpvNIxFhL5Ia59leHqOsBj0JfMJTgFCADzrhc5Q/photo/AF1QipMu0hlerSXYg5jG3wrkFifT1qUDlCYQrQ7XFf_z?key=ZnJrLWxURkhxaGZURlJiQi1SUlgwb2t2bnlscFRR'),(229,16,'Master','Papillon',100,'01:11:64','00:32:64','','2023-03-05','7ème Journée Qualificative','https://photos.google.com/share/AF1QipPGlpYv9s9HxdIlVdydfw3mLQtFpvNIxFhL5Ia59leHqOsBj0JfMJTgFCADzrhc5Q/photo/AF1QipP1DhLq1ZGjn--3eZHJw9u4SWK_EaBJsBUYMyy-?key=ZnJrLWxURkhxaGZURlJiQi1SUlgwb2t2bnlscFRR'),(230,17,'Benjamin','Papillon',50,'00:44:15','','','2023-03-05','7ème Journée Qualificative',''),(231,3,'Minime','Papillon',50,'00:47:03','','','2023-03-05','7ème Journée Qualificative',''),(232,1,'Minime','Papillon',50,'00:49:12','','','2023-03-05','7ème Journée Qualificative',''),(233,21,'Junior','Papillon',50,'00:37:31','','','2023-03-05','7ème Journée Qualificative','https://photos.google.com/share/AF1QipPGlpYv9s9HxdIlVdydfw3mLQtFpvNIxFhL5Ia59leHqOsBj0JfMJTgFCADzrhc5Q/photo/AF1QipMnHHccuuDokNo7Al1HQKjDKDLNkT7PDk_ir9EL?key=ZnJrLWxURkhxaGZURlJiQi1SUlgwb2t2bnlscFRR'),(234,5,'Junior','Papillon',50,'00:40:23','','','2023-03-05','7ème Journée Qualificative','https://photos.google.com/share/AF1QipPGlpYv9s9HxdIlVdydfw3mLQtFpvNIxFhL5Ia59leHqOsBj0JfMJTgFCADzrhc5Q/photo/AF1QipMnHHccuuDokNo7Al1HQKjDKDLNkT7PDk_ir9EL?key=ZnJrLWxURkhxaGZURlJiQi1SUlgwb2t2bnlscFRR'),(235,29,'Junior','Papillon',50,'00:40:72','','','2023-03-05','7ème Journée Qualificative','https://photos.google.com/share/AF1QipPGlpYv9s9HxdIlVdydfw3mLQtFpvNIxFhL5Ia59leHqOsBj0JfMJTgFCADzrhc5Q/photo/AF1QipOb5JQe7urncIYW1-TkbY36raxmZPCGa4EdYB3o?key=ZnJrLWxURkhxaGZURlJiQi1SUlgwb2t2bnlscFRR'),(236,6,'Senior','Papillon',50,'00:35:10','','','2023-03-05','7ème Journée Qualificative','https://photos.google.com/share/AF1QipPGlpYv9s9HxdIlVdydfw3mLQtFpvNIxFhL5Ia59leHqOsBj0JfMJTgFCADzrhc5Q/photo/AF1QipMnHHccuuDokNo7Al1HQKjDKDLNkT7PDk_ir9EL?key=ZnJrLWxURkhxaGZURlJiQi1SUlgwb2t2bnlscFRR'),(237,7,'Senior','Papillon',50,'00:41:19','','','2023-03-05','7ème Journée Qualificative','https://photos.google.com/share/AF1QipPGlpYv9s9HxdIlVdydfw3mLQtFpvNIxFhL5Ia59leHqOsBj0JfMJTgFCADzrhc5Q/photo/AF1QipMnHHccuuDokNo7Al1HQKjDKDLNkT7PDk_ir9EL?key=ZnJrLWxURkhxaGZURlJiQi1SUlgwb2t2bnlscFRR'),(238,8,'Minime','Papillon',50,'00:42:38','','','2023-03-05','7ème Journée Qualificative',''),(239,20,'Minime','Papillon',50,'00:36:77','','','2023-03-05','7ème Journée Qualificative','https://photos.google.com/share/AF1QipPGlpYv9s9HxdIlVdydfw3mLQtFpvNIxFhL5Ia59leHqOsBj0JfMJTgFCADzrhc5Q/photo/AF1QipMam5DcF1fI4h3b9NHTG6OTA2YEbXBg4shWjCX6?key=ZnJrLWxURkhxaGZURlJiQi1SUlgwb2t2bnlscFRR'),(240,10,'Minime','Papillon',50,'00:38:97','','','2023-03-05','7ème Journée Qualificative','https://photos.google.com/share/AF1QipPGlpYv9s9HxdIlVdydfw3mLQtFpvNIxFhL5Ia59leHqOsBj0JfMJTgFCADzrhc5Q/photo/AF1QipNg7pVl7VTn5EZWNOTLzn8pbYrg1P5Bbd-VZUkh?key=ZnJrLWxURkhxaGZURlJiQi1SUlgwb2t2bnlscFRR'),(241,9,'Minime','Papillon',50,'00:41:90','','','2023-03-05','7ème Journée Qualificative','https://photos.google.com/share/AF1QipPGlpYv9s9HxdIlVdydfw3mLQtFpvNIxFhL5Ia59leHqOsBj0JfMJTgFCADzrhc5Q/photo/AF1QipNg7pVl7VTn5EZWNOTLzn8pbYrg1P5Bbd-VZUkh?key=ZnJrLWxURkhxaGZURlJiQi1SUlgwb2t2bnlscFRR'),(242,28,'Minime','Papillon',50,'00:50:36','','','2023-03-05','7ème Journée Qualificative',''),(243,24,'Minime','Papillon',50,'00:51:85','','','2023-03-05','7ème Journée Qualificative',''),(244,11,'Cadet','Papillon',50,'00:35:42','','','2023-03-05','7ème Journée Qualificative',''),(245,15,'Senior','Papillon',50,'00:28:78','','','2023-03-05','7ème Journée Qualificative','https://photos.google.com/share/AF1QipPGlpYv9s9HxdIlVdydfw3mLQtFpvNIxFhL5Ia59leHqOsBj0JfMJTgFCADzrhc5Q/photo/AF1QipMAGVyJhOAB7MNoeIpKwYl7EmEvQMzOj0Xa8axI?key=ZnJrLWxURkhxaGZURlJiQi1SUlgwb2t2bnlscFRR'),(246,14,'Senior','Papillon',50,'00:29:98','','','2023-03-05','7ème Journée Qualificative','https://photos.google.com/share/AF1QipPGlpYv9s9HxdIlVdydfw3mLQtFpvNIxFhL5Ia59leHqOsBj0JfMJTgFCADzrhc5Q/photo/AF1QipMAGVyJhOAB7MNoeIpKwYl7EmEvQMzOj0Xa8axI?key=ZnJrLWxURkhxaGZURlJiQi1SUlgwb2t2bnlscFRR'),(247,16,'Master','Papillon',50,'00:30:70','','','2023-03-05','7ème Journée Qualificative','https://photos.google.com/share/AF1QipPGlpYv9s9HxdIlVdydfw3mLQtFpvNIxFhL5Ia59leHqOsBj0JfMJTgFCADzrhc5Q/photo/AF1QipMAGVyJhOAB7MNoeIpKwYl7EmEvQMzOj0Xa8axI?key=ZnJrLWxURkhxaGZURlJiQi1SUlgwb2t2bnlscFRR'),(248,17,'Benjamin','4 Nages',100,'01:46:66','','','2023-03-19','8ème Journée Qualificative',''),(249,1,'Minime','4 Nages',100,'01:38:29','','','2023-03-19','8ème Journée Qualificative',''),(250,22,'Junior','4 Nages',100,'01:15:65','','','2023-03-19','8ème Journée Qualificative','https://photos.google.com/share/AF1QipO9gZMxTfAuk4XQtKz4vlCa5ht-sNGsxD1EmABqsfQUly7oRzypEEbEBmkCNmXlVw/photo/AF1QipMUi5zUIFWPnWxpst9WF3Ai0HmSLULu88DwZMXI?key=bFZKWXdhdERpRWhYM2dzSFpNSVViM0U3UnN3QTd3'),(251,29,'Junior','4 Nages',100,'01:28:63','','','2023-03-19','8ème Journée Qualificative','https://photos.google.com/share/AF1QipO9gZMxTfAuk4XQtKz4vlCa5ht-sNGsxD1EmABqsfQUly7oRzypEEbEBmkCNmXlVw/photo/AF1QipMUi5zUIFWPnWxpst9WF3Ai0HmSLULu88DwZMXI?key=bFZKWXdhdERpRWhYM2dzSFpNSVViM0U3UnN3QTd3'),(252,6,'Senior','4 Nages',100,'01:16:76','','','2023-03-19','8ème Journée Qualificative','https://photos.google.com/share/AF1QipO9gZMxTfAuk4XQtKz4vlCa5ht-sNGsxD1EmABqsfQUly7oRzypEEbEBmkCNmXlVw/photo/AF1QipMUi5zUIFWPnWxpst9WF3Ai0HmSLULu88DwZMXI?key=bFZKWXdhdERpRWhYM2dzSFpNSVViM0U3UnN3QTd3'),(253,7,'Senior','4 Nages',100,'01:26:03','','','2023-03-19','8ème Journée Qualificative','https://photos.google.com/share/AF1QipO9gZMxTfAuk4XQtKz4vlCa5ht-sNGsxD1EmABqsfQUly7oRzypEEbEBmkCNmXlVw/photo/AF1QipMUi5zUIFWPnWxpst9WF3Ai0HmSLULu88DwZMXI?key=bFZKWXdhdERpRWhYM2dzSFpNSVViM0U3UnN3QTd3'),(254,23,'Benjamin','4 Nages',100,'01:54:59','','','2023-03-19','8ème Journée Qualificative',''),(255,8,'Minime','4 Nages',100,'01:29:62','','','2023-03-19','8ème Journée Qualificative',''),(256,10,'Minime','4 Nages',100,'01:22:93','','','2023-03-19','8ème Journée Qualificative','https://photos.google.com/share/AF1QipO9gZMxTfAuk4XQtKz4vlCa5ht-sNGsxD1EmABqsfQUly7oRzypEEbEBmkCNmXlVw/photo/AF1QipPu7EzpzFC0JWE2U4TAOtFK_OZZvKdBuhxVXox2?key=bFZKWXdhdERpRWhYM2dzSFpNSVViM0U3UnN3QTd3'),(257,9,'Minime','4 Nages',100,'01:23:39','','','2023-03-19','8ème Journée Qualificative','https://photos.google.com/share/AF1QipO9gZMxTfAuk4XQtKz4vlCa5ht-sNGsxD1EmABqsfQUly7oRzypEEbEBmkCNmXlVw/photo/AF1QipPNmO86CxEe9tHMlDzr4cFEfWraHNUMVNzhfwaw?key=bFZKWXdhdERpRWhYM2dzSFpNSVViM0U3UnN3QTd3'),(258,24,'Minime','4 Nages',100,'01:53:90','','','2023-03-19','8ème Journée Qualificative',''),(259,19,'Minime','4 Nages',100,'52:2:01','','','2023-03-19','8ème Journée Qualificative',''),(260,11,'Cadet','4 Nages',100,'01:13:75','','','2023-03-19','8ème Journée Qualificative','https://photos.google.com/share/AF1QipO9gZMxTfAuk4XQtKz4vlCa5ht-sNGsxD1EmABqsfQUly7oRzypEEbEBmkCNmXlVw/photo/AF1QipPUWznVcatwTMJMUkxHSeO4ZDzc0RFLdo4VrgoM?key=bFZKWXdhdERpRWhYM2dzSFpNSVViM0U3UnN3QTd3'),(261,12,'Junior','4 Nages',100,'01:15:18','','','2023-03-19','8ème Journée Qualificative','https://photos.google.com/share/AF1QipO9gZMxTfAuk4XQtKz4vlCa5ht-sNGsxD1EmABqsfQUly7oRzypEEbEBmkCNmXlVw/photo/AF1QipP9CBTLBtM9ekS3t69-0E9vZwpkZPyOW0oZi0kN?key=bFZKWXdhdERpRWhYM2dzSFpNSVViM0U3UnN3QTd3'),(262,13,'Junior','4 Nages',100,'01:25:66','','','2023-03-19','8ème Journée Qualificative','https://photos.google.com/share/AF1QipO9gZMxTfAuk4XQtKz4vlCa5ht-sNGsxD1EmABqsfQUly7oRzypEEbEBmkCNmXlVw/photo/AF1QipPUWznVcatwTMJMUkxHSeO4ZDzc0RFLdo4VrgoM?key=bFZKWXdhdERpRWhYM2dzSFpNSVViM0U3UnN3QTd3'),(263,15,'Senior','4 Nages',100,'01:06:66','','','2023-03-19','8ème Journée Qualificative','https://photos.google.com/share/AF1QipO9gZMxTfAuk4XQtKz4vlCa5ht-sNGsxD1EmABqsfQUly7oRzypEEbEBmkCNmXlVw/photo/AF1QipPPsZH-xqgkZ52pZCJQS0zm3udj0XNfyQ_6oL4k?key=bFZKWXdhdERpRWhYM2dzSFpNSVViM0U3UnN3QTd3'),(264,14,'Senior','4 Nages',100,'01:09:10','','','2023-03-19','8ème Journée Qualificative','https://photos.google.com/share/AF1QipO9gZMxTfAuk4XQtKz4vlCa5ht-sNGsxD1EmABqsfQUly7oRzypEEbEBmkCNmXlVw/photo/AF1QipPPsZH-xqgkZ52pZCJQS0zm3udj0XNfyQ_6oL4k?key=bFZKWXdhdERpRWhYM2dzSFpNSVViM0U3UnN3QTd3'),(265,16,'Master','4 Nages',100,'01:17:52','','','2023-03-19','8ème Journée Qualificative','https://photos.google.com/share/AF1QipO9gZMxTfAuk4XQtKz4vlCa5ht-sNGsxD1EmABqsfQUly7oRzypEEbEBmkCNmXlVw/photo/AF1QipPPsZH-xqgkZ52pZCJQS0zm3udj0XNfyQ_6oL4k?key=bFZKWXdhdERpRWhYM2dzSFpNSVViM0U3UnN3QTd3'),(266,29,'Junior','Brasse',100,'01:35:01','00:43:84','','2023-03-19','8ème Journée Qualificative','https://photos.google.com/share/AF1QipO9gZMxTfAuk4XQtKz4vlCa5ht-sNGsxD1EmABqsfQUly7oRzypEEbEBmkCNmXlVw/photo/AF1QipM-CqXeIjZxJ4509h1RXLwk6YwuhUE66cKCgSfv?key=bFZKWXdhdERpRWhYM2dzSFpNSVViM0U3UnN3QTd3'),(267,14,'Senior','Brasse',100,'01:24:15','00:39:62','','2023-03-19','8ème Journée Qualificative','https://photos.google.com/share/AF1QipO9gZMxTfAuk4XQtKz4vlCa5ht-sNGsxD1EmABqsfQUly7oRzypEEbEBmkCNmXlVw/photo/AF1QipOGjR0qnZhPd-lbCxnQUdB2728jBSawL075WiBn?key=bFZKWXdhdERpRWhYM2dzSFpNSVViM0U3UnN3QTd3'),(268,11,'Cadet','Dos',100,'01:13:75','00:35:90','','2023-03-19','8ème Journée Qualificative','https://photos.google.com/share/AF1QipO9gZMxTfAuk4XQtKz4vlCa5ht-sNGsxD1EmABqsfQUly7oRzypEEbEBmkCNmXlVw/photo/AF1QipNt9Nzsk09ul7q5e4Q_ABCIdddbEg_q5vfKOyLO?key=bFZKWXdhdERpRWhYM2dzSFpNSVViM0U3UnN3QTd3'),(269,16,'Master','Papillon',100,'01:09:81','00:30:98','','2023-03-19','8ème Journée Qualificative','https://photos.google.com/share/AF1QipO9gZMxTfAuk4XQtKz4vlCa5ht-sNGsxD1EmABqsfQUly7oRzypEEbEBmkCNmXlVw/photo/AF1QipMiaEWthDlP_mS999KRILxJB4q8dlAMYNoGZTTf?key=bFZKWXdhdERpRWhYM2dzSFpNSVViM0U3UnN3QTd3'),(270,22,'Junior','Nage Libre',100,'01:05:81','00:31:64','','2023-03-19','8ème Journée Qualificative','https://photos.google.com/share/AF1QipO9gZMxTfAuk4XQtKz4vlCa5ht-sNGsxD1EmABqsfQUly7oRzypEEbEBmkCNmXlVw/photo/AF1QipOCAxh0HTasrc3qYO25P9QHg-GtRMc_6L8ThAGb?key=bFZKWXdhdERpRWhYM2dzSFpNSVViM0U3UnN3QTd3'),(271,12,'Junior','Nage Libre',100,'01:07:76','00:33:84','','2023-03-19','8ème Journée Qualificative','https://photos.google.com/share/AF1QipO9gZMxTfAuk4XQtKz4vlCa5ht-sNGsxD1EmABqsfQUly7oRzypEEbEBmkCNmXlVw/photo/AF1QipNwtJ-FT1rou9IraG41PItQWTiY03quCLAU4ZJ7?key=bFZKWXdhdERpRWhYM2dzSFpNSVViM0U3UnN3QTd3'),(272,13,'Junior','Nage Libre',100,'01:12:78','00:34:11','','2023-03-19','8ème Journée Qualificative','https://photos.google.com/share/AF1QipO9gZMxTfAuk4XQtKz4vlCa5ht-sNGsxD1EmABqsfQUly7oRzypEEbEBmkCNmXlVw/photo/AF1QipNwtJ-FT1rou9IraG41PItQWTiY03quCLAU4ZJ7?key=bFZKWXdhdERpRWhYM2dzSFpNSVViM0U3UnN3QTd3'),(273,32,'Poussin','Dos',100,'02:22:51','01:06:94','','2023-04-02','Finale Départementale',''),(274,33,'Poussin','Dos',100,'02:10:80','01:08:20','','2023-04-02','Finale Départementale',''),(275,34,'Poussin','Dos',100,'01:58:06','00:55:77','','2023-04-02','Finale Départementale',''),(276,5,'Junior','Dos',100,'01:31:78','00:44:53','','2023-04-02','Finale Départementale','https://photos.google.com/share/AF1QipOWlsYppAe7XATFts2QaU-TT44W-pbPc67WGLewyx0Y6Wj0HDacis-rQ10ofeYgfw/photo/AF1QipP7QeQeU-IviGXQZb3mhOabRFt8xlz76NRlNxJn?key=eHI0RmJDUXJrWFVOT3hTMHllYklvX3hFLVVnMjZR'),(277,6,'Senior','Dos',100,'01:13:86','00:36:25','','2023-04-02','Finale Départementale','https://photos.google.com/share/AF1QipOWlsYppAe7XATFts2QaU-TT44W-pbPc67WGLewyx0Y6Wj0HDacis-rQ10ofeYgfw/photo/AF1QipO_K1AcYOSAfS-w12kBpYq002ZYAhPyi9DXUMzo?key=eHI0RmJDUXJrWFVOT3hTMHllYklvX3hFLVVnMjZR'),(278,30,'Poussin','Dos',50,'10:20:20','','','2023-04-02','Finale Départementale',''),(279,1,'Minime','Dos',50,'00:42:47','','','2023-04-02','Finale Départementale',''),(280,22,'Junior','Dos',50,'00:33:72','','','2023-04-02','Finale Départementale','https://photos.google.com/share/AF1QipOWlsYppAe7XATFts2QaU-TT44W-pbPc67WGLewyx0Y6Wj0HDacis-rQ10ofeYgfw/photo/AF1QipNEIMh10tMpkeVAM8c_HXl-e3Fk4BItQkCa1yPH?key=eHI0RmJDUXJrWFVOT3hTMHllYklvX3hFLVVnMjZR'),(281,7,'Senior','Dos',50,'00:39:14','','','2023-04-02','Finale Départementale','https://photos.google.com/share/AF1QipOWlsYppAe7XATFts2QaU-TT44W-pbPc67WGLewyx0Y6Wj0HDacis-rQ10ofeYgfw/photo/AF1QipPx9ifHeAoKa20bPIhtbdQfhHLJSFzoKt4HoVbX?key=eHI0RmJDUXJrWFVOT3hTMHllYklvX3hFLVVnMjZR'),(282,31,'Poussin','Dos',50,'01:12:17','','','2023-04-02','Finale Départementale',''),(283,23,'Benjamin','Dos',50,'00:48:26','','','2023-04-02','Finale Départementale',''),(284,10,'Minime','Dos',50,'00:38:00','','','2023-04-02','Finale Départementale','https://photos.google.com/share/AF1QipOWlsYppAe7XATFts2QaU-TT44W-pbPc67WGLewyx0Y6Wj0HDacis-rQ10ofeYgfw/photo/AF1QipOwDUtDelTmFL0tPs-EvOOaHlY-DsTWluyiNq8T?key=eHI0RmJDUXJrWFVOT3hTMHllYklvX3hFLVVnMjZR'),(285,9,'Minime','Dos',50,'00:39:08','','','2023-04-02','Finale Départementale','https://photos.google.com/share/AF1QipOWlsYppAe7XATFts2QaU-TT44W-pbPc67WGLewyx0Y6Wj0HDacis-rQ10ofeYgfw/photo/AF1QipOFz7ySCamyWFJJ9iSpcbgS-3AQpLCeSqNmvKQV?key=eHI0RmJDUXJrWFVOT3hTMHllYklvX3hFLVVnMjZR'),(286,24,'Minime','Dos',50,'00:42:46','','','2023-04-02','Finale Départementale',''),(287,11,'Cadet','Dos',50,'00:32:98','','','2023-04-02','Finale Départementale','https://photos.google.com/share/AF1QipOWlsYppAe7XATFts2QaU-TT44W-pbPc67WGLewyx0Y6Wj0HDacis-rQ10ofeYgfw/photo/AF1QipM5NP1bRZ4mQkZv6zcEAsgBk3a9xpoONUIQRtfF?key=eHI0RmJDUXJrWFVOT3hTMHllYklvX3hFLVVnMjZR'),(288,13,'Junior','Dos',50,'00:39:21','','','2023-04-02','Finale Départementale','https://photos.google.com/share/AF1QipOWlsYppAe7XATFts2QaU-TT44W-pbPc67WGLewyx0Y6Wj0HDacis-rQ10ofeYgfw/photo/AF1QipOwDUtDelTmFL0tPs-EvOOaHlY-DsTWluyiNq8T?key=eHI0RmJDUXJrWFVOT3hTMHllYklvX3hFLVVnMjZR'),(289,15,'Senior','Dos',50,'00:31:18','','','2023-04-02','Finale Départementale','https://photos.google.com/share/AF1QipOWlsYppAe7XATFts2QaU-TT44W-pbPc67WGLewyx0Y6Wj0HDacis-rQ10ofeYgfw/photo/AF1QipNu2QFuhXDvsoLTGDEw9DxgLzzO9y-RMRMsGvF-?key=eHI0RmJDUXJrWFVOT3hTMHllYklvX3hFLVVnMjZR'),(290,14,'Senior','Dos',50,'00:31:62','','','2023-04-02','Finale Départementale','https://photos.google.com/share/AF1QipOWlsYppAe7XATFts2QaU-TT44W-pbPc67WGLewyx0Y6Wj0HDacis-rQ10ofeYgfw/photo/AF1QipOmfYaOf0XQwchoX_3az9l1tCBqtaSTs_tFZXEi?key=eHI0RmJDUXJrWFVOT3hTMHllYklvX3hFLVVnMjZR'),(291,16,'Master','Dos',50,'00:32:18','','','2023-04-02','Finale Départementale','https://photos.google.com/share/AF1QipOWlsYppAe7XATFts2QaU-TT44W-pbPc67WGLewyx0Y6Wj0HDacis-rQ10ofeYgfw/photo/AF1QipOmfYaOf0XQwchoX_3az9l1tCBqtaSTs_tFZXEi?key=eHI0RmJDUXJrWFVOT3hTMHllYklvX3hFLVVnMjZR'),(292,24,'Minime','Papillon',100,'02:05:05','00:56:73','','2023-04-02','Finale Départementale',''),(293,14,'Senior','Papillon',100,'01:05:23','00:30:19','','2023-04-02','Finale Départementale','https://photos.google.com/share/AF1QipO1SQPGDXeRtpNWIuVTUWHFCoE0YURTOFXhqjwRbbVdI6nI8V0xM18MM0UsYJ0ChQ/photo/AF1QipPPAIE-pbUHKwD__6X1ZZe-KfWq2Pu8BUhqiRGs?key=Wk5fRjBEaDRRdDJfYkljT1lUeGNxS2hEdTZweVRB'),(294,16,'Master','Papillon',100,'01:14:09','00:31:54','','2023-04-02','Finale Départementale','https://photos.google.com/share/AF1QipO1SQPGDXeRtpNWIuVTUWHFCoE0YURTOFXhqjwRbbVdI6nI8V0xM18MM0UsYJ0ChQ/photo/AF1QipPPAIE-pbUHKwD__6X1ZZe-KfWq2Pu8BUhqiRGs?key=Wk5fRjBEaDRRdDJfYkljT1lUeGNxS2hEdTZweVRB'),(295,17,'Benjamin','Papillon',50,'00:43:16','','','2023-04-02','Finale Départementale',''),(296,1,'Minime','Papillon',50,'00:41:14','','','2023-04-02','Finale Départementale',''),(297,5,'Junior','Papillon',50,'00:39:93','','','2023-04-02','Finale Départementale','https://photos.google.com/share/AF1QipO1SQPGDXeRtpNWIuVTUWHFCoE0YURTOFXhqjwRbbVdI6nI8V0xM18MM0UsYJ0ChQ/photo/AF1QipO3shVZlmB3vWY4tQard4RdfJNYc0xvRri_njoL?key=Wk5fRjBEaDRRdDJfYkljT1lUeGNxS2hEdTZweVRB'),(298,7,'Senior','Papillon',50,'00:39:39','','','2023-04-02','Finale Départementale','https://photos.google.com/share/AF1QipO1SQPGDXeRtpNWIuVTUWHFCoE0YURTOFXhqjwRbbVdI6nI8V0xM18MM0UsYJ0ChQ/photo/AF1QipO3shVZlmB3vWY4tQard4RdfJNYc0xvRri_njoL?key=Wk5fRjBEaDRRdDJfYkljT1lUeGNxS2hEdTZweVRB'),(299,11,'Cadet','Papillon',50,'00:33:53','','','2023-04-02','Finale Départementale','https://photos.google.com/share/AF1QipO1SQPGDXeRtpNWIuVTUWHFCoE0YURTOFXhqjwRbbVdI6nI8V0xM18MM0UsYJ0ChQ/photo/AF1QipOD9j-lCH_uxecNFx6rGp8eRt7faPZ1eUW8CpJU?key=Wk5fRjBEaDRRdDJfYkljT1lUeGNxS2hEdTZweVRB'),(300,13,'Junior','Papillon',50,'00:35:00','','','2023-04-02','Finale Départementale','https://photos.google.com/share/AF1QipO1SQPGDXeRtpNWIuVTUWHFCoE0YURTOFXhqjwRbbVdI6nI8V0xM18MM0UsYJ0ChQ/photo/AF1QipNzosxyw-E-N1-pg9-kdSf71THeFHMY8ExBOZaU?key=Wk5fRjBEaDRRdDJfYkljT1lUeGNxS2hEdTZweVRB'),(301,12,'Junior','Papillon',50,'00:36:34','','','2023-04-02','Finale Départementale','https://photos.google.com/share/AF1QipO1SQPGDXeRtpNWIuVTUWHFCoE0YURTOFXhqjwRbbVdI6nI8V0xM18MM0UsYJ0ChQ/photo/AF1QipPYltDMUipPaknf0Q_ijI94wqqybx_gfo55io0J?key=Wk5fRjBEaDRRdDJfYkljT1lUeGNxS2hEdTZweVRB'),(302,34,'Poussin','Brasse',50,'01:06:50','','','2023-04-02','Finale Départementale',''),(303,30,'Poussin','Brasse',50,'01:25:25','','','2023-04-02','Finale Départementale',''),(304,17,'Benjamin','Brasse',50,'00:50:47','','','2023-04-02','Finale Départementale',''),(305,5,'Junior','Brasse',50,'00:48:48','','','2023-04-02','Finale Départementale','https://photos.google.com/share/AF1QipNe8w0Rb9s4rEPc8aDCYGTt_VwIKk9cy7erbwh0F8sprUX0D1vC2cy0173HtXbktw/photo/AF1QipP2gc4SbYATYe5CPBtsm1XQxWMuiNwIP4tOuTvE?key=UFdZbEFFb3UtZ0JnT1VNcmRJUDZ5M1MzRVkyNFF3'),(306,6,'Senior','Brasse',50,'00:41:58','','','2023-04-02','Finale Départementale','https://photos.google.com/share/AF1QipNe8w0Rb9s4rEPc8aDCYGTt_VwIKk9cy7erbwh0F8sprUX0D1vC2cy0173HtXbktw/photo/AF1QipP2gc4SbYATYe5CPBtsm1XQxWMuiNwIP4tOuTvE?key=UFdZbEFFb3UtZ0JnT1VNcmRJUDZ5M1MzRVkyNFF3'),(307,31,'Poussin','Brasse',50,'01:11:18','','','2023-04-02','Finale Départementale',''),(308,33,'Poussin','Brasse',50,'01:15:55','','','2023-04-02','Finale Départementale',''),(309,32,'Poussin','Brasse',50,'01:25:65','','','2023-04-02','Finale Départementale',''),(310,23,'Benjamin','Brasse',50,'00:59:83','','','2023-04-02','Finale Départementale',''),(311,10,'Minime','Brasse',50,'00:44:86','','','2023-04-02','Finale Départementale','https://photos.google.com/share/AF1QipNe8w0Rb9s4rEPc8aDCYGTt_VwIKk9cy7erbwh0F8sprUX0D1vC2cy0173HtXbktw/photo/AF1QipOIfvGY43fFSkCt5iFaEsgSXXfdlHpQVU99SV3u?key=UFdZbEFFb3UtZ0JnT1VNcmRJUDZ5M1MzRVkyNFF3'),(312,15,'Senior','Brasse',50,'00:32:93','','','2023-04-02','Finale Départementale','https://photos.google.com/share/AF1QipNe8w0Rb9s4rEPc8aDCYGTt_VwIKk9cy7erbwh0F8sprUX0D1vC2cy0173HtXbktw/photo/AF1QipPiSyL93u-ujyaBtHdKl4SEPHXHOKhcu7SZIJF1?key=UFdZbEFFb3UtZ0JnT1VNcmRJUDZ5M1MzRVkyNFF3'),(313,16,'Master','Brasse',50,'00:33:46','','','2023-04-02','Finale Départementale','https://photos.google.com/share/AF1QipNe8w0Rb9s4rEPc8aDCYGTt_VwIKk9cy7erbwh0F8sprUX0D1vC2cy0173HtXbktw/photo/AF1QipPiSyL93u-ujyaBtHdKl4SEPHXHOKhcu7SZIJF1?key=UFdZbEFFb3UtZ0JnT1VNcmRJUDZ5M1MzRVkyNFF3'),(314,9,'Minime','Brasse',100,'01:28:18','00:41:20','','2023-04-02','Finale Départementale','https://photos.google.com/share/AF1QipNe8w0Rb9s4rEPc8aDCYGTt_VwIKk9cy7erbwh0F8sprUX0D1vC2cy0173HtXbktw/photo/AF1QipPTRpPh1K4DIbOLW1Cfy-_xPQZRpckXDu1_ZcOH?key=UFdZbEFFb3UtZ0JnT1VNcmRJUDZ5M1MzRVkyNFF3'),(315,12,'Junior','Brasse',100,'01:21:30','00:38:76','','2023-04-02','Finale Départementale','https://photos.google.com/share/AF1QipNe8w0Rb9s4rEPc8aDCYGTt_VwIKk9cy7erbwh0F8sprUX0D1vC2cy0173HtXbktw/photo/AF1QipMud4g08bGWilJzcnC4uTbz6_JW5Hs4Cd9J3axR?key=UFdZbEFFb3UtZ0JnT1VNcmRJUDZ5M1MzRVkyNFF3'),(316,30,'Poussin','Nage Libre',100,'02:32:78','01:09:81','','2023-04-02','Finale Départementale',''),(317,7,'Senior','Nage Libre',100,'01:13:36','00:35:28','','2023-04-02','Finale Départementale','https://photos.google.com/share/AF1QipMDTLj2DbtuwZC9AXOnWkrPwGcopyVgm3-ViF-iixJaoY12Jwthq_ngtF_w2jj0og/photo/AF1QipMATBWrnGeygcA3ec8fCiwcpLewfii0OnaCNSjR?key=aGRjYjBYNjNmU253NTJTS1dHT0tIVlA2R2w2WTVR'),(318,31,'Poussin','Nage Libre',100,'02:10:60','01:00:64','','2023-04-02','Finale Départementale',''),(319,23,'Benjamin','Nage Libre',100,'01:34:55','00:44:36','','2023-04-02','Finale Départementale',''),(320,10,'Minime','Nage Libre',100,'01:07:26','00:32:60','','2023-04-02','Finale Départementale','https://photos.google.com/share/AF1QipMDTLj2DbtuwZC9AXOnWkrPwGcopyVgm3-ViF-iixJaoY12Jwthq_ngtF_w2jj0og/photo/AF1QipMxG8rkfTiceD056Q-aZj8GeJ--zxbDWlWvagO5?key=aGRjYjBYNjNmU253NTJTS1dHT0tIVlA2R2w2WTVR'),(321,11,'Cadet','Nage Libre',100,'01:02:97','00:30:21','','2023-04-02','Finale Départementale','https://photos.google.com/share/AF1QipMDTLj2DbtuwZC9AXOnWkrPwGcopyVgm3-ViF-iixJaoY12Jwthq_ngtF_w2jj0og/photo/AF1QipNwd1ntGtMwdl6WW3PGE1gDo5ChuQAJq7nCmW3q?key=aGRjYjBYNjNmU253NTJTS1dHT0tIVlA2R2w2WTVR'),(322,13,'Junior','Nage Libre',100,'01:12:96','00:33:73','','2023-04-02','Finale Départementale','https://photos.google.com/share/AF1QipMDTLj2DbtuwZC9AXOnWkrPwGcopyVgm3-ViF-iixJaoY12Jwthq_ngtF_w2jj0og/photo/AF1QipMxG8rkfTiceD056Q-aZj8GeJ--zxbDWlWvagO5?key=aGRjYjBYNjNmU253NTJTS1dHT0tIVlA2R2w2WTVR'),(323,15,'Senior','Nage Libre',100,'00:57:02','00:27:50','','2023-04-02','Finale Départementale','https://photos.google.com/share/AF1QipMDTLj2DbtuwZC9AXOnWkrPwGcopyVgm3-ViF-iixJaoY12Jwthq_ngtF_w2jj0og/photo/AF1QipNwd1ntGtMwdl6WW3PGE1gDo5ChuQAJq7nCmW3q?key=aGRjYjBYNjNmU253NTJTS1dHT0tIVlA2R2w2WTVR'),(324,34,'Poussin','Nage Libre',50,'00:52:46','','','2023-04-02','Finale Départementale',''),(325,22,'Junior','Nage Libre',50,'00:29:64','','','2023-04-02','Finale Départementale','https://photos.google.com/share/AF1QipMDTLj2DbtuwZC9AXOnWkrPwGcopyVgm3-ViF-iixJaoY12Jwthq_ngtF_w2jj0og/photo/AF1QipMhfuWwTRY3h6J8dq8WuLwySgJwvmCVnQO9OFLR?key=aGRjYjBYNjNmU253NTJTS1dHT0tIVlA2R2w2WTVR'),(326,6,'Senior','Nage Libre',50,'00:30:84','','','2023-04-02','Finale Départementale','https://photos.google.com/share/AF1QipMDTLj2DbtuwZC9AXOnWkrPwGcopyVgm3-ViF-iixJaoY12Jwthq_ngtF_w2jj0og/photo/AF1QipMhfuWwTRY3h6J8dq8WuLwySgJwvmCVnQO9OFLR?key=aGRjYjBYNjNmU253NTJTS1dHT0tIVlA2R2w2WTVR'),(327,33,'Poussin','Nage Libre',50,'00:57:27','','','2023-04-02','Finale Départementale',''),(328,32,'Poussin','Nage Libre',50,'01:13:86','','','2023-04-02','Finale Départementale',''),(329,9,'Minime','Nage Libre',50,'00:33:67','','','2023-04-02','Finale Départementale','https://photos.google.com/share/AF1QipMDTLj2DbtuwZC9AXOnWkrPwGcopyVgm3-ViF-iixJaoY12Jwthq_ngtF_w2jj0og/photo/AF1QipNvqHPhYkcJ3JHpntutXGfK1hWUBhZXGjrc3Yo3?key=aGRjYjBYNjNmU253NTJTS1dHT0tIVlA2R2w2WTVR'),(330,24,'Minime','Nage Libre',50,'00:43:36','','','2023-04-02','Finale Départementale',''),(331,12,'Junior','Nage Libre',50,'','','','2023-04-02','Finale Départementale','https://photos.google.com/share/AF1QipMDTLj2DbtuwZC9AXOnWkrPwGcopyVgm3-ViF-iixJaoY12Jwthq_ngtF_w2jj0og/photo/AF1QipORk3vjfj73XRjYWOP-KAeHDHjxBRVZW1zpT66R?key=aGRjYjBYNjNmU253NTJTS1dHT0tIVlA2R2w2WTVR'),(332,14,'Senior','Nage Libre',50,'00:28:18','','','2023-04-02','Finale Départementale','https://photos.google.com/share/AF1QipMDTLj2DbtuwZC9AXOnWkrPwGcopyVgm3-ViF-iixJaoY12Jwthq_ngtF_w2jj0og/photo/AF1QipNYKdhoWUtgAMAq-IJJvDMb-hz-G8T3RmLrCWej?key=aGRjYjBYNjNmU253NTJTS1dHT0tIVlA2R2w2WTVR'),(333,17,'Benjamin','4 Nages',100,'01:44:35','','','2023-04-02','Finale Départementale',''),(334,1,'Minime','4 Nages',100,'01:35:87','','','2023-04-02','Finale Départementale',''),(335,22,'Junior','4 Nages',100,'01:16:34','','','2023-04-02','Finale Départementale',''),(336,30,'Poussin','Dos',50,'00:59:57','','','2023-05-07','Finale Régionale',''),(337,1,'Minime','Dos',50,'00:41:18','','','2023-05-07','Finale Régionale',''),(338,22,'Junior','Dos',50,'00:37:43','','','2023-05-07','Finale Régionale',''),(339,7,'Senior','Dos',50,'00:38:73','','','2023-05-07','Finale Régionale','https://photos.google.com/share/AF1QipP4QMx_dkRMYBRwkJqPH4sgVa4qgvEftGqgj9qjs4dPr1KKGO7_omvuUEmH6q9cog/photo/AF1QipORYzcx8IkTCR6gGx8ULHSmS5LbTLHZXBVN4qMi?key=SDN2YWF4Y3FaRGpuTUpocXUzR1JhTVJsTFFNb0xB'),(340,31,'Poussin','Dos',50,'01:11:48','','','2023-05-07','Finale Régionale',''),(341,23,'Benjamin','Dos',50,'00:50:09','','','2023-05-07','Finale Régionale',''),(342,10,'Minime','Dos',50,'00:37:61','','','2023-05-07','Finale Régionale','https://photos.google.com/share/AF1QipP4QMx_dkRMYBRwkJqPH4sgVa4qgvEftGqgj9qjs4dPr1KKGO7_omvuUEmH6q9cog/photo/AF1QipNisr5L8NHahCyrLowL9Crt1KL1KDZPzREUWQyI?key=SDN2YWF4Y3FaRGpuTUpocXUzR1JhTVJsTFFNb0xB'),(343,24,'Minime','Dos',50,'00:52:28','','','2023-05-07','Finale Régionale',''),(344,11,'Cadet','Dos',50,'00:33:19','','','2023-05-07','Finale Régionale','https://photos.google.com/share/AF1QipP4QMx_dkRMYBRwkJqPH4sgVa4qgvEftGqgj9qjs4dPr1KKGO7_omvuUEmH6q9cog/photo/AF1QipP9eW-Zqn05Haq2ZwwKxGAIjwTnIivwnR3jYlFJ?key=SDN2YWF4Y3FaRGpuTUpocXUzR1JhTVJsTFFNb0xB'),(345,13,'Junior','Dos',50,'00:38:94','','','2023-05-07','Finale Régionale','https://photos.google.com/share/AF1QipP4QMx_dkRMYBRwkJqPH4sgVa4qgvEftGqgj9qjs4dPr1KKGO7_omvuUEmH6q9cog/photo/AF1QipNUNPtK9ATUByDTVpTFzDRTi7SEuKaf_ncAsKMS?key=SDN2YWF4Y3FaRGpuTUpocXUzR1JhTVJsTFFNb0xB'),(346,15,'Senior','Dos',50,'00:31:15','','','2023-05-07','Finale Régionale','https://photos.google.com/share/AF1QipP4QMx_dkRMYBRwkJqPH4sgVa4qgvEftGqgj9qjs4dPr1KKGO7_omvuUEmH6q9cog/photo/AF1QipNYcd9AY6ZR1bihQkbqSuGLWh9Z2wB9lt7PcBwp?key=SDN2YWF4Y3FaRGpuTUpocXUzR1JhTVJsTFFNb0xB'),(347,14,'Senior','Dos',50,'00:31:73','','','2023-05-07','Finale Régionale','https://photos.google.com/share/AF1QipP4QMx_dkRMYBRwkJqPH4sgVa4qgvEftGqgj9qjs4dPr1KKGO7_omvuUEmH6q9cog/photo/AF1QipNYcd9AY6ZR1bihQkbqSuGLWh9Z2wB9lt7PcBwp?key=SDN2YWF4Y3FaRGpuTUpocXUzR1JhTVJsTFFNb0xB'),(348,16,'Master','Dos',50,'00:31:80','','','2023-05-07','Finale Régionale','https://photos.google.com/share/AF1QipP4QMx_dkRMYBRwkJqPH4sgVa4qgvEftGqgj9qjs4dPr1KKGO7_omvuUEmH6q9cog/photo/AF1QipPUEsQLHh4z6mQusa3cbiW3xsqydAcscWY1KgBW?key=SDN2YWF4Y3FaRGpuTUpocXUzR1JhTVJsTFFNb0xB'),(349,34,'Poussin','Dos',100,'01:56:43','00:53:57','','2023-05-07','Finale Régionale',''),(350,6,'Senior','Dos',100,'01:13:23','00:34:78','','2023-05-07','Finale Régionale','https://photos.google.com/share/AF1QipP4QMx_dkRMYBRwkJqPH4sgVa4qgvEftGqgj9qjs4dPr1KKGO7_omvuUEmH6q9cog/photo/AF1QipN166ZQXveIkHMCbzRYbWtWRl7QgdfpJCDhKijU?key=SDN2YWF4Y3FaRGpuTUpocXUzR1JhTVJsTFFNb0xB'),(351,33,'Poussin','Dos',100,'02:12:85','01:07:01','','2023-05-07','Finale Régionale',''),(352,32,'Poussin','Dos',100,'02:21:01','01:06:38','','2023-05-07','Finale Régionale',''),(353,24,'Minime','Papillon',100,'01:59:13','00:55:33','','2023-05-07','Finale Régionale',''),(354,14,'Senior','Papillon',100,'01:05:70','00:30:60','','2023-05-07','Finale Régionale','https://photos.google.com/share/AF1QipMkJbs2bEz_eSV3R4630Se8ZqZ4fnRIaf5tlVQdkxFMJFxIvHt4xH6ltY0NdAUpTQ/photo/AF1QipMOyUfM5LuDX-zsb53QdVR_r_qXl7XxXQTVSV0m?key=UW9hNkNVbnMzeU5rZGxZNVdyTUxZUHRKcndmVjBB'),(355,16,'Master','Papillon',100,'01:11:27','00:30:72','','2023-05-07','Finale Régionale','https://photos.google.com/share/AF1QipMkJbs2bEz_eSV3R4630Se8ZqZ4fnRIaf5tlVQdkxFMJFxIvHt4xH6ltY0NdAUpTQ/photo/AF1QipNZgsGTGnBVO2PCuuCR5S18skPVueaiybtGWqzp?key=UW9hNkNVbnMzeU5rZGxZNVdyTUxZUHRKcndmVjBB'),(356,17,'Benjamin','Papillon',50,'00:43:68','','','2023-05-07','Finale Régionale',''),(357,1,'Minime','Papillon',50,'00:40:91','','','2023-05-07','Finale Régionale',''),(358,7,'Senior','Papillon',50,'00:40:83','','','2023-05-07','Finale Régionale','https://photos.google.com/share/AF1QipMkJbs2bEz_eSV3R4630Se8ZqZ4fnRIaf5tlVQdkxFMJFxIvHt4xH6ltY0NdAUpTQ/photo/AF1QipPEtEIY1Vv37TazDARG63wkG1B-BCwYLSYlnpuK?key=UW9hNkNVbnMzeU5rZGxZNVdyTUxZUHRKcndmVjBB'),(359,11,'Cadet','Papillon',50,'00:32:47','','','2023-05-07','Finale Régionale','https://photos.google.com/share/AF1QipMkJbs2bEz_eSV3R4630Se8ZqZ4fnRIaf5tlVQdkxFMJFxIvHt4xH6ltY0NdAUpTQ/photo/AF1QipOKJjv7h0z9F8yGlio8ItKQp8VAeIOsBPfKw8rU?key=UW9hNkNVbnMzeU5rZGxZNVdyTUxZUHRKcndmVjBB'),(360,12,'Junior','Papillon',50,'00:35:03','','','2023-05-07','Finale Régionale','https://photos.google.com/share/AF1QipMkJbs2bEz_eSV3R4630Se8ZqZ4fnRIaf5tlVQdkxFMJFxIvHt4xH6ltY0NdAUpTQ/photo/AF1QipM2bpVZ6m4NHzHU-XpH90NTww_O1QAlBzeDTyTE?key=UW9hNkNVbnMzeU5rZGxZNVdyTUxZUHRKcndmVjBB'),(361,13,'Junior','Papillon',50,'00:35:37','','','2023-05-07','Finale Régionale','https://photos.google.com/share/AF1QipMkJbs2bEz_eSV3R4630Se8ZqZ4fnRIaf5tlVQdkxFMJFxIvHt4xH6ltY0NdAUpTQ/photo/AF1QipNVNSNrfW_LgSYxo-3f89JryNSE370PJWEt1Eid?key=UW9hNkNVbnMzeU5rZGxZNVdyTUxZUHRKcndmVjBB'),(362,34,'Poussin','Brasse',50,'01:03:39','','','2023-05-07','Finale Régionale',''),(363,30,'Poussin','Brasse',50,'01:25:40','','','2023-05-07','Finale Régionale',''),(364,17,'Benjamin','Brasse',50,'00:50:87','','','2023-05-07','Finale Régionale',''),(365,6,'Senior','Brasse',50,'00:41:42','','','2023-05-07','Finale Régionale','https://photos.google.com/share/AF1QipMl92QC81YQaFuxIEASQDSGxI7kpfwtE4ZlONNQXYLAZboVc6hl0JpkpPQDKjIP1w/photo/AF1QipPiActoZDn76w0ApI-gA2fU6OLijUBkvyfKPxx-?key=QnVVMDdna3laZ1podUZ1ZlVadlZpYU03dlp2T25n'),(366,33,'Poussin','Brasse',50,'01:09:95','','','2023-05-07','Finale Régionale',''),(367,31,'Poussin','Brasse',50,'01:11:35','','','2023-05-07','Finale Régionale',''),(368,32,'Poussin','Brasse',50,'01:24:16','','','2023-05-07','Finale Régionale',''),(369,23,'Benjamin','Brasse',50,'00:58:17','','','2023-05-07','Finale Régionale',''),(370,15,'Senior','Brasse',50,'00:32:42','','','2023-05-07','Finale Régionale','https://photos.google.com/share/AF1QipMl92QC81YQaFuxIEASQDSGxI7kpfwtE4ZlONNQXYLAZboVc6hl0JpkpPQDKjIP1w/photo/AF1QipNoD2Ch9Srh8RDIL3VSDCvsv704gF-39ZPH3RlS?key=QnVVMDdna3laZ1podUZ1ZlVadlZpYU03dlp2T25n'),(371,16,'Master','Brasse',50,'00:33:34','','','2023-05-07','Finale Régionale','https://photos.google.com/share/AF1QipMl92QC81YQaFuxIEASQDSGxI7kpfwtE4ZlONNQXYLAZboVc6hl0JpkpPQDKjIP1w/photo/AF1QipNoD2Ch9Srh8RDIL3VSDCvsv704gF-39ZPH3RlS?key=QnVVMDdna3laZ1podUZ1ZlVadlZpYU03dlp2T25n'),(372,12,'Junior','Brasse',100,'01:20:01','00:38:60','','2023-05-07','Finale Régionale','https://photos.google.com/share/AF1QipMl92QC81YQaFuxIEASQDSGxI7kpfwtE4ZlONNQXYLAZboVc6hl0JpkpPQDKjIP1w/photo/AF1QipN1cQHde6BFy5LUhYekJTGZg28P-SS7GvXmZzRw?key=QnVVMDdna3laZ1podUZ1ZlVadlZpYU03dlp2T25n'),(373,30,'Poussin','Nage Libre',100,'02:29:61','01:09:32','','2023-05-07','Finale Régionale',''),(374,7,'Senior','Nage Libre',100,'01:12:81','00:34:64','','2023-05-07','Finale Régionale','https://photos.google.com/share/AF1QipMAEwkzDRnfxwEu4VxMTjpa62rNqIA1QMzBAL_ZJo7GxLRVcjy96JUuwgXoAfJVnw/photo/AF1QipOrZUf4kdJz7Css6N855Vg7z2Xkp6q7nZn7Y7ka?key=UjlHTDRaOTlEcTU4a2IwNldfaVRHT0xUbkplcURB'),(375,31,'Poussin','Nage Libre',100,'02:18:55','01:05:14','','2023-05-07','Finale Régionale',''),(376,23,'Benjamin','Nage Libre',100,'01:25:98','00:41:00','','2023-05-07','Finale Régionale',''),(377,10,'Minime','Nage Libre',100,'01:06:17','00:32:02','','2023-05-07','Finale Régionale','https://photos.google.com/share/AF1QipMAEwkzDRnfxwEu4VxMTjpa62rNqIA1QMzBAL_ZJo7GxLRVcjy96JUuwgXoAfJVnw/photo/AF1QipPBKiTuPjPKfrlAv3AlraYXW4KZdA3x92wjzrbH?key=UjlHTDRaOTlEcTU4a2IwNldfaVRHT0xUbkplcURB'),(378,11,'Cadet','Nage Libre',100,'01:01:45','00:28:94','','2023-05-07','Finale Régionale','https://photos.google.com/share/AF1QipMAEwkzDRnfxwEu4VxMTjpa62rNqIA1QMzBAL_ZJo7GxLRVcjy96JUuwgXoAfJVnw/photo/AF1QipOIAxiiwMOLd0V_v6Fuq18uPs_mwcpWU6lLs6Kf?key=UjlHTDRaOTlEcTU4a2IwNldfaVRHT0xUbkplcURB'),(379,13,'Junior','Nage Libre',100,'01:11:74','00:33:43','','2023-05-07','Finale Régionale','https://photos.google.com/share/AF1QipMAEwkzDRnfxwEu4VxMTjpa62rNqIA1QMzBAL_ZJo7GxLRVcjy96JUuwgXoAfJVnw/photo/AF1QipO4udf3dx4OBQW1nePt85pyyTjn3OK-LwM-zGZ3?key=UjlHTDRaOTlEcTU4a2IwNldfaVRHT0xUbkplcURB'),(380,15,'Senior','Nage Libre',100,'00:57:11','00:27:12','','2023-05-07','Finale Régionale','https://photos.google.com/share/AF1QipMAEwkzDRnfxwEu4VxMTjpa62rNqIA1QMzBAL_ZJo7GxLRVcjy96JUuwgXoAfJVnw/photo/AF1QipPqij6bSOZhO_MxzASL62p0yWm7awG-Bus9sE3x?key=UjlHTDRaOTlEcTU4a2IwNldfaVRHT0xUbkplcURB'),(381,34,'Poussin','Nage Libre',50,'00:46:62','','','2023-05-07','Finale Régionale',''),(382,6,'Senior','Nage Libre',50,'00:30:48','','','2023-05-07','Finale Régionale','https://photos.google.com/share/AF1QipMAEwkzDRnfxwEu4VxMTjpa62rNqIA1QMzBAL_ZJo7GxLRVcjy96JUuwgXoAfJVnw/photo/AF1QipMOS-ntIaY1ajPH8pSwgmCa0SYj3vx78FUfG2kE?key=UjlHTDRaOTlEcTU4a2IwNldfaVRHT0xUbkplcURB'),(383,33,'Poussin','Nage Libre',50,'00:56:30','','','2023-05-07','Finale Régionale',''),(384,32,'Poussin','Nage Libre',50,'01:15:01','','','2023-05-07','Finale Régionale',''),(385,24,'Minime','Nage Libre',50,'00:43:61','','','2023-05-07','Finale Régionale',''),(386,12,'Junior','Nage Libre',50,'00:30:60','','','2023-05-07','Finale Régionale','https://photos.google.com/share/AF1QipMAEwkzDRnfxwEu4VxMTjpa62rNqIA1QMzBAL_ZJo7GxLRVcjy96JUuwgXoAfJVnw/photo/AF1QipPXncSdNAJKxOqX1c7H12dAYhAcWbQxjAq4Q38J?key=UjlHTDRaOTlEcTU4a2IwNldfaVRHT0xUbkplcURB'),(387,14,'Senior','Nage Libre',50,'00:28:04','','','2023-05-07','Finale Régionale','https://photos.google.com/share/AF1QipMAEwkzDRnfxwEu4VxMTjpa62rNqIA1QMzBAL_ZJo7GxLRVcjy96JUuwgXoAfJVnw/photo/AF1QipMgUVqrVDNIqCRgUNGsnU3eLuCNYGLCJXl06Hvd?key=UjlHTDRaOTlEcTU4a2IwNldfaVRHT0xUbkplcURB'),(388,17,'Benjamin','4 Nages',100,'01:40:20','','','2023-05-07','Finale Régionale',''),(389,1,'Minime','4 Nages',100,'01:32:90','','','2023-05-07','Finale Régionale',''),(390,11,'Cadet','Dos',50,'00:34:46','','','2023-05-27','Finale Nationale','https://photos.google.com/share/AF1QipMiJTGC55rFlilFR82Z93YdSZS2gGD4Y6UXrnV_jOrRvJF33UBuPhlr4T_ZzuTsNQ/photo/AF1QipOBBVSARM3w6KxydzGpkUj2xdSFWxFmenjKEiNP?key=VmhibmdDc1huVEpkbmwxVi14NVZhN2pqQV85Nldn'),(391,15,'Senior','Dos',50,'00:33:36','','','2023-05-27','Finale Nationale','https://photos.google.com/share/AF1QipMiJTGC55rFlilFR82Z93YdSZS2gGD4Y6UXrnV_jOrRvJF33UBuPhlr4T_ZzuTsNQ/photo/AF1QipPUdaAaFF8naGYNHViOFWJZ3mokdxPwyLBeEOiv?key=VmhibmdDc1huVEpkbmwxVi14NVZhN2pqQV85Nldn'),(392,14,'Senior','Dos',50,'00:33:21','','','2023-05-27','Finale Nationale','https://photos.google.com/share/AF1QipMiJTGC55rFlilFR82Z93YdSZS2gGD4Y6UXrnV_jOrRvJF33UBuPhlr4T_ZzuTsNQ/photo/AF1QipPUdaAaFF8naGYNHViOFWJZ3mokdxPwyLBeEOiv?key=VmhibmdDc1huVEpkbmwxVi14NVZhN2pqQV85Nldn'),(393,7,'Senior','Dos',50,'00:38:41','','','2023-05-27','Finale Nationale','https://photos.google.com/share/AF1QipMiJTGC55rFlilFR82Z93YdSZS2gGD4Y6UXrnV_jOrRvJF33UBuPhlr4T_ZzuTsNQ/photo/AF1QipMoTY_3QFZa-E49Gy3MfAJbtAn-cIL251HWOz1h?key=VmhibmdDc1huVEpkbmwxVi14NVZhN2pqQV85Nldn'),(394,6,'Senior','Dos',100,'01:15:76','','','2023-05-27','Finale Nationale','https://photos.google.com/share/AF1QipMiJTGC55rFlilFR82Z93YdSZS2gGD4Y6UXrnV_jOrRvJF33UBuPhlr4T_ZzuTsNQ/photo/AF1QipOKq81F0s41bWErmoY1A-hdqYJp_Q16waImjqah?key=VmhibmdDc1huVEpkbmwxVi14NVZhN2pqQV85Nldn'),(395,7,'Senior','Papillon',50,'00:40:07','','','2023-05-27','Finale Nationale','https://photos.google.com/share/AF1QipMiJTGC55rFlilFR82Z93YdSZS2gGD4Y6UXrnV_jOrRvJF33UBuPhlr4T_ZzuTsNQ/photo/AF1QipNsFc_D0gflp_t3DJgHkC5Xu4S1Zn658Z3vhE_J?key=VmhibmdDc1huVEpkbmwxVi14NVZhN2pqQV85Nldn'),(396,11,'Senior','Papillon',50,'00:33:22','','','2023-05-27','Finale Nationale','https://photos.google.com/share/AF1QipMiJTGC55rFlilFR82Z93YdSZS2gGD4Y6UXrnV_jOrRvJF33UBuPhlr4T_ZzuTsNQ/photo/AF1QipO5u4YWa2BumqyOTkumS2ffA_apN3h_MJxnIgRU?key=VmhibmdDc1huVEpkbmwxVi14NVZhN2pqQV85Nldn'),(397,14,'Senior','Papillon',100,'01:09:20','','','2023-05-27','Finale Nationale','https://photos.google.com/share/AF1QipMiJTGC55rFlilFR82Z93YdSZS2gGD4Y6UXrnV_jOrRvJF33UBuPhlr4T_ZzuTsNQ/photo/AF1QipNBdoU_QGVnop-j4_4Y0HmAm_4KlrzTW03Fp7i5?key=VmhibmdDc1huVEpkbmwxVi14NVZhN2pqQV85Nldn'),(398,6,'Senior','Brasse',50,'00:43:20','','','2023-05-27','Finale Nationale','https://photos.google.com/share/AF1QipMiJTGC55rFlilFR82Z93YdSZS2gGD4Y6UXrnV_jOrRvJF33UBuPhlr4T_ZzuTsNQ/photo/AF1QipNU5pIjdUCAxQcNDONkh64ywSGVgsJkOB96niW7?key=VmhibmdDc1huVEpkbmwxVi14NVZhN2pqQV85Nldn'),(399,15,'Senior','Brasse',50,'00:33:14','','','2023-05-27','Finale Nationale','https://photos.google.com/share/AF1QipMiJTGC55rFlilFR82Z93YdSZS2gGD4Y6UXrnV_jOrRvJF33UBuPhlr4T_ZzuTsNQ/photo/AF1QipNH1oqgdBRHRuE_YzLimt5FTLWrgclkJKoLcTK5?key=VmhibmdDc1huVEpkbmwxVi14NVZhN2pqQV85Nldn'),(400,6,'Senior','Nage Libre',50,'00:31:02','','','2023-05-27','Finale Nationale','https://photos.google.com/share/AF1QipMiJTGC55rFlilFR82Z93YdSZS2gGD4Y6UXrnV_jOrRvJF33UBuPhlr4T_ZzuTsNQ/photo/AF1QipMCq0s3exunQ2ArJBcYhw99Ug7rEBIsXU_19xrO?key=VmhibmdDc1huVEpkbmwxVi14NVZhN2pqQV85Nldn'),(401,14,'Senior','Nage Libre',50,'00:28:15','','','2023-05-27','Finale Nationale','https://photos.google.com/share/AF1QipMiJTGC55rFlilFR82Z93YdSZS2gGD4Y6UXrnV_jOrRvJF33UBuPhlr4T_ZzuTsNQ/photo/AF1QipNtNNB0gBP131M9ID1pmKK0aVGe0v-K_FPO8Dx2?key=VmhibmdDc1huVEpkbmwxVi14NVZhN2pqQV85Nldn'),(402,7,'Senior','Nage Libre',100,'01:14:19','','','2023-05-27','Finale Nationale','https://photos.google.com/share/AF1QipMiJTGC55rFlilFR82Z93YdSZS2gGD4Y6UXrnV_jOrRvJF33UBuPhlr4T_ZzuTsNQ/photo/AF1QipPQ1cfnbBe6LHcz1LkOwGgvwlp-6d5zQYe8CPOB?key=VmhibmdDc1huVEpkbmwxVi14NVZhN2pqQV85Nldn'),(403,11,'Senior','Nage Libre',100,'01:03:74','','','2023-05-27','Finale Nationale','https://photos.google.com/share/AF1QipMiJTGC55rFlilFR82Z93YdSZS2gGD4Y6UXrnV_jOrRvJF33UBuPhlr4T_ZzuTsNQ/photo/AF1QipO5wZeQDU4HkgAuYcIyCRoQk8eYy20pCH8NcJGx?key=VmhibmdDc1huVEpkbmwxVi14NVZhN2pqQV85Nldn'),(404,15,'Senior','Nage Libre',100,'00:59:79','','','2023-05-27','Finale Nationale','https://photos.google.com/share/AF1QipMiJTGC55rFlilFR82Z93YdSZS2gGD4Y6UXrnV_jOrRvJF33UBuPhlr4T_ZzuTsNQ/photo/AF1QipMFi723fr5YG4vUfn-fVlM6Xs1fEBNm2Aq5ga46?key=VmhibmdDc1huVEpkbmwxVi14NVZhN2pqQV85Nldn');
/*!40000 ALTER TABLE `Performance` ENABLE KEYS */;
UNLOCK TABLES;

--
-- Table structure for table `Resultat`
--

DROP TABLE IF EXISTS `Resultat`;
/*!40101 SET @saved_cs_client     = @@character_set_client */;
/*!40101 SET character_set_client = utf8 */;
CREATE TABLE `Resultat` (
  `id_resultat` int(11) NOT NULL AUTO_INCREMENT,
  `type_competition` varchar(50) NOT NULL,
  `date_competition` date NOT NULL,
  `lien_telechargement` varchar(250) DEFAULT NULL,
  PRIMARY KEY (`id_resultat`)
) ENGINE=InnoDB AUTO_INCREMENT=16 DEFAULT CHARSET=utf8mb4 COLLATE=utf8mb4_general_ci;
/*!40101 SET character_set_client = @saved_cs_client */;

--
-- Dumping data for table `Resultat`
--

LOCK TABLES `Resultat` WRITE;
/*!40000 ALTER TABLE `Resultat` DISABLE KEYS */;
INSERT INTO `Resultat` VALUES (1,'Finale Nationale','2023-05-27','https://drive.google.com/file/d/15zA6TFRfFIuHfSF3wTJYyXylb6KHjPPq/view?usp=drive_link'),(2,'Finale Régionale','2023-05-07','https://drive.google.com/file/d/1OARRHcyTs2XdJt3yCany0ZYolF_MPcFg/view?usp=drive_link'),(3,'8ème Journée Qualificative','2023-03-19','https://drive.google.com/file/d/1sxytr8d-Y5n593A5Ml5GHKVpQ94jAoRF/view?usp=drive_link'),(4,'7ème Journée Qualificative','2023-03-05','https://drive.google.com/file/d/1Fs8hmvvS0TDkTSS9lA2qYheueJ4DAnlb/view?usp=drive_link'),(5,'6ème Journée Qualificative','2023-02-05','https://drive.google.com/file/d/1CX0IRibPzCXfqv4YqaqKdzOxEO62Ddht/view?usp=drive_link'),(6,'5ème Journée Qualificative','2023-01-22','https://drive.google.com/file/d/1eKGpg46VKAKGxqjGAyqozAkptXPvTbMq/view?usp=drive_link'),(7,'4ème Journée Qualificative','2023-01-08','https://drive.google.com/file/d/1v2DJuKgZyrzLCViEC6YhH_foJ2UhTdpp/view?usp=drive_link'),(8,'3ème Journée Qualificative','2022-11-17','https://drive.google.com/file/d/1S643LZISqfTbqp9MDjg3dU4oaRdENhF-/view?usp=drive_link'),(9,'2ème Journée Qualificative','2022-11-06','https://drive.google.com/file/d/1AHO9pExDjJADskhu01-xucotwEy_U9Wq/view?usp=drive_link'),(10,'1ère Journée Qualificative','2022-10-16','https://drive.google.com/file/d/1xnohKL9fyo15RP38CyAqOoyfvOrSuNEA/view?usp=drive_link'),(15,'Finale Départementale','2023-04-02','https://drive.google.com/file/d/1NL_Zb2XoeAgOhA8YAHxUEQaOT7rNcByu/view?usp=drive_link');
/*!40000 ALTER TABLE `Resultat` ENABLE KEYS */;
UNLOCK TABLES;

--
-- Table structure for table `TypeCompetition`
--

DROP TABLE IF EXISTS `TypeCompetition`;
/*!40101 SET @saved_cs_client     = @@character_set_client */;
/*!40101 SET character_set_client = utf8 */;
CREATE TABLE `TypeCompetition` (
  `type_competition` varchar(50) NOT NULL,
  PRIMARY KEY (`type_competition`)
) ENGINE=InnoDB DEFAULT CHARSET=utf8mb4 COLLATE=utf8mb4_general_ci;
/*!40101 SET character_set_client = @saved_cs_client */;

--
-- Dumping data for table `TypeCompetition`
--

LOCK TABLES `TypeCompetition` WRITE;
/*!40000 ALTER TABLE `TypeCompetition` DISABLE KEYS */;
INSERT INTO `TypeCompetition` VALUES ('1ère Journée Qualificative'),('2ème Journée Qualificative'),('3ème Journée Qualificative'),('4ème Journée Qualificative'),('5ème Journée Qualificative'),('6ème Journée Qualificative'),('7ème Journée Qualificative'),('8ème Journée Qualificative'),('Finale Départementale'),('Finale Nationale'),('Finale Régionale'),('Inter-regionale');
/*!40000 ALTER TABLE `TypeCompetition` ENABLE KEYS */;
UNLOCK TABLES;

--
-- Temporary table structure for view `visite_journaliere`
--

DROP TABLE IF EXISTS `visite_journaliere`;
/*!50001 DROP VIEW IF EXISTS `visite_journaliere`*/;
SET @saved_cs_client     = @@character_set_client;
SET character_set_client = utf8;
/*!50001 CREATE VIEW `visite_journaliere` AS SELECT
 1 AS `date_visite`,
  1 AS `count(distinct(ip))` */;
SET character_set_client = @saved_cs_client;

--
-- Final view structure for view `visite_journaliere`
--

/*!50001 DROP VIEW IF EXISTS `visite_journaliere`*/;
/*!50001 SET @saved_cs_client          = @@character_set_client */;
/*!50001 SET @saved_cs_results         = @@character_set_results */;
/*!50001 SET @saved_col_connection     = @@collation_connection */;
/*!50001 SET character_set_client      = utf8mb4 */;
/*!50001 SET character_set_results     = utf8mb4 */;
/*!50001 SET collation_connection      = utf8mb4_unicode_ci */;
/*!50001 CREATE ALGORITHM=UNDEFINED */
/*!50013 DEFINER=`qbernard`@`localhost` SQL SECURITY DEFINER */
/*!50001 VIEW `visite_journaliere` AS select `CompteurVisite`.`date_visite` AS `date_visite`,count(distinct `CompteurVisite`.`ip`) AS `count(distinct(ip))` from `CompteurVisite` group by `CompteurVisite`.`date_visite` */;
/*!50001 SET character_set_client      = @saved_cs_client */;
/*!50001 SET character_set_results     = @saved_cs_results */;
/*!50001 SET collation_connection      = @saved_col_connection */;
/*!40103 SET TIME_ZONE=@OLD_TIME_ZONE */;

/*!40101 SET SQL_MODE=@OLD_SQL_MODE */;
/*!40014 SET FOREIGN_KEY_CHECKS=@OLD_FOREIGN_KEY_CHECKS */;
/*!40014 SET UNIQUE_CHECKS=@OLD_UNIQUE_CHECKS */;
/*!40101 SET CHARACTER_SET_CLIENT=@OLD_CHARACTER_SET_CLIENT */;
/*!40101 SET CHARACTER_SET_RESULTS=@OLD_CHARACTER_SET_RESULTS */;
/*!40101 SET COLLATION_CONNECTION=@OLD_COLLATION_CONNECTION */;
/*!40111 SET SQL_NOTES=@OLD_SQL_NOTES */;

<<<<<<< HEAD
-- Dump completed on 2023-09-06  0:00:01
=======
-- Dump completed on 2023-08-26  0:00:01
>>>>>>> 8695b00242b99ddbc89f85857bf8a98d9b69d702
